Token,POS
Laolla,V
foromo,N09
ya,CPOSS09
kopo,N09
ho,PART
inthanethe,N09
kapa,CONJ
e,CO09
fumane,V
ofising,N09
e,CS09
haufi,NLOC
ya,CPOSS09
SARS,RK
.,ZE
,
Foromo,N09
ya,CPOSS09
kopo,N09
e,CS09
tlameha,VAUX
ho,CN15
tlatswa,V
ke,PART
mokopi,N01
mme,CONJ
e,CS09
seng,MNEG
ke,PART
motho,N01
wa,CPOSS01
boraro,N14
",",ZM
ho,CSINDEF
seng,MNEG
jwalo,ADV
kopo,N09
e,CS09
ka,MNEG
se,MNEG
elwe,V
hloko,N09
.,ZE
,
Thusa,V
o,CSPERS
tadime,V
ho,PART
tataiso,N09
ya,CPOSS09
ho,CN15
etsa,V
kopo,N09
ho,CN15
o,COPERS
thusa,V
tshebetsong,N09
ya,CPOSS09
laesense,N09
.,ZE
,
Karolong,N09
ya,CPOSS09
Client,RV
Types,RV
(,ZPL
Mefuta,N04
ya,CPOSS04
Basebedisi,N02
),ZPR
:,ZM
,
sheba,V
lebokoseng,N05
la,CPOSS05
Manufacturer,RV
for,RV
AGOA,RK
(,ZPL
Mofaboriki,N01
wa,CPOSS01
AGOA,RK
),ZPR
tlasa,NLOC
ngodiso,N09
.,ZE
,
Karolong,N09
ya,CPOSS09
Manufacturer,RV
for,RV
AGOA,RK
Particulars,RV
(,ZPL
Dintlha,N10
tsa,CPOSS10
Mofaboriki,N01
wa,CPOSS01
AGOA,RK
),ZPR
",",ZM
di,CS10
batla,V
,
lebitso,N05
la,CPOSS05
kgwebo,N09
la,CPOSS05
mosebetsi,N03
wa,CPOSS03
hao,PROPOSSPERS
,
sebaka,N07
seo,CD07
mosebetsi,N03
wa,CPOSS03
hao,PROPOSSPERS
o,CS03
emeng,V
ho,PART
sona,PROEMP07
(,ZPL
mohlala,N03
",",ZM
Poloto10,N09
),ZPR
,
lebitso,N05
la,CPOSS05
seterata,N07
le,PART
nomoro,N09
ya,CPOSS09
mosebetsi,N03
,
motsana,N03
oo,CD03
mosebetsi,N03
o,CS03
leng,VCOP
ho,PART
ona,PROEMP03
,
toropo,N09
e,ADJC09
kgolo,ADJ09
kapa,CONJ
toropo,N09
moo,CD18
mosebetsi,N03
o,CS03
leng,VCOP
ho,PART
yona,PROEMP09
;,ZM
le,PART
,
khoutu,N09
ya,CPOSS09
seterata,N07
sa,CPOSS07
motsana,N03
oo,CD03
mosebetsi,N03
o,CS03
leng,VCOP
ho,PART
wona,PROEMP03
.,ZE
,
Karolo,N09
ya,CPOSS09
Authority,RV
to,RV
Apply,RV
(,ZPL
Matla,N06
a,CPOSS06
ho,CN15
etsa,V
Kopo,N09
),ZPR
e,CS09
tlameha,VAUX
ho,CN15
tlatswa,V
ke,PART
monga,N01
kgwebo,N09
ya,CS01
ikemetseng,V
a,CS01
le,VCOP
inotshi,N09
",",ZM
molaodi,N01
",",ZM
balekane,N02
",",ZM
setho,N07
",",ZM
molebedi,N01
wa,CPOSS01
traste,N09
kapa,CONJ
motho,N01
ya,CS01
okametseng,V
kgwebo,N09
ha,CONJ
o,CSPERS
etsa,V
kopo,N09
ya,CPOSS09
ngodiso,N09
ya,CPOSS09
(,ZPL
custom,RV
and,RV
excise,RV
),ZPR
lekgetho,N05
le,PART
lekgetho,N05
la,CPOSS05
thepa,N09
ya,CPOSS09
lehae,N05
bakeng,N07
sa,CPOSS07
mofaboriki,N01
ya,CS01
kgethehileng,V
wa,CPOSS01
AGOA,RK
.,ZE
,
Lebitso,N05
la,CPOSS05
mokopi,N01
kapa,CONJ
lebitso,N05
la,CPOSS05
ngodiso,N09
ya,CPOSS09
mosebetsi,N03
mme,CONJ
e,CSNEUT
seng,MNEG
lebitso,N05
la,CPOSS05
kgwebo,N09
le,CS05
tlameha,VAUX
ho,CN15
hlahella,V
karolong,N09
ena,CD09
.,ZE
,
moo,CD18
ho,CSINDEF
hlahang,V
asterisk,RV
(,ZPL
*,RS
),ZPR
(,ZPL
naletsana,N09
),ZPR
",",ZM
hlakola,V
le,PART
efe,ENUM
e,CS09
sa,MNEG
hlokahaleng,V
.,ZE
,
Karolong,N09
ya,CPOSS09
Declaration,RV
(,ZPL
Phatlalatso,N09
),ZPR
",",ZM
bolela,V
tse,CS10
latelang,V
:,ZM
,
ditlhaku,N10
tsa,CPOSS10
pele,NLOC
tsa,CPOSS10
mabitso,N06
le,PART
fane,N09
ya,CPOSS09
motho,N01
ya,CS01
etsang,V
kopo,N09
ya,CPOSS09
laesense,N09
,
maemo,N06
a,CS06
motho,N01
ya,CS01
etsang,V
kopo,N09
",",ZM
mohlala,N03
",",ZM
Molaodi,N01
",",ZM
Mookamedi,N01
",",ZM
Monga,N01
,
motho,N01
ya,CS01
etsang,V
kopo,N09
o,CS01
tlameha,VAUX
ho,CN15
saena,V
foromo,N09
ya,CPOSS09
kopo,N09
,
letsatsi,N05
leo,CD05
kopo,N09
e,CS09
saennweng,V
ka,PART
lona,PROEMP05
,
sebaka,N07
seo,CD07
kopo,N09
e,CS09
saennweng,V
ho,PART
sona,PROEMP07
.,ZE
,
Tlatsa,V
foromo,N09
ya,CPOSS09
kopo,N09
mme,CONJ
o,CSPERS
e,CO09
romele,V
ofising,N09
e,CS09
haufi,NLOC
ya,CPOSS09
South,RV
African,RV
Revenue,RV
Service,RV
Customs,RV
and,RV
Excise,RV
.,ZE
,
Hokela,V
foromong,N09
ya,CPOSS09
kopo,N09
ditokomane,N10
tse,CS10
latelang,V
tsa,CPOSS10
sethatho,N07
kapa,CONJ
dikopi,N10
tse,CS10
tiiseleditsweng,V
:,ZM
,
lengolo,N05
la,CPOSS05
bopaki,N14
la,CPOSS05
ngodiso,N09
ya,CPOSS09
kgwebo,N09
jwalo,ADV
ka,PART
ha,CONJ
le,CS05
ntshitswe,V
ke,PART
Registrar,RV
of,RV
Companies,RV
(,ZPL
Mongodisi,N01
wa,CPOSS01
Dikhampani,N10
),ZPR
kapa,CONJ
Master,RV
of,RV
the,RV
Supreme,RV
Court,RV
(,ZPL
Moabi,N01
wa,CPOSS01
Mafa,N06
),ZPR
ha,CONJ
e,CS09
le,PART
Traste,N09
.,ZE
,
qeto,N09
kapa,CONJ
tumello,N09
kapa,CONJ
bolaodi,N14
bo,ADJC14
bong,ADJ14
ho,CN15
ya,V
ka,PART
moo,CD18
ho,CSINDEF
hlokehang,V
,
tumello,N09
ha,CONJ
e,CS09
hlokahala,V
ya,CPOSS09
Department,RV
of,RV
Trade,RV
and,RV
Industry,RV
(,ZPL
Lefapha,N05
la,CPOSS05
Kgwebo,N09
le,PART
Indasteri,N09
),ZPR
,
fomula,N09
ha,CONJ
o,CSPERS
etsa,V
kopo,N09
tlasa,NLOC
pusetso,N09
ya,CPOSS09
karolo,N09
607.04.10(02),RV
",",ZM
607.04.10(03),RV
",",ZM
607.04.10(09),RV
le,PART
607.04.10(12),RV
,
tokomane,N09
ya,CPOSS09
boitsebiso,N14
ha,CONJ
o,CSPERS
le,VCOP
moahi,N01
wa,CPOSS01
Afrika,N09
Borwa,N14
,
ditokomane,N10
tsa,CPOSS10
pasepoto,N09
ha,CONJ
:,ZM
,
motho,N01
eo,CD01
e,CSNEUT
seng,MNEG
modudi,N01
,
Koporasi,N09
ya,CPOSS09
batho,N02
ba,CPOSS02
mmalwa,N03
(,ZPL
cc,RL
),ZPR
le,PART
traste,N09
-,RS
ditho,N08
tsohle,PROQUANT08
",",ZM
balekane,N02
kapa,CONJ
balebedi,N02
ba,CPOSS02
traste,N09
,
khampani,N09
-,RS
balaodi,N02
bohle,PROQUANT02
",",ZM
ho,CN15
kenyeletsa,V
le,PART
molaodi,N01
ya,CS01
okametseng,V
le,PART
molaodi,N01
wa,CPOSS01
ditjhelete,N10
.,ZE
,
Crime,RV
Stop,RV
(,ZPL
Thibelo,N09
ya,CPOSS09
Botlokotsebe,N14
),ZPR
ke,VCOP
ditsi,N08
tse,CS08
fapaneng,V
tseo,CD08
o,CSPERS
letsetsang,V
ho,PART
tsona,PROEMP08
tseo,CD08
boikarabelo,N14
ba,CPOSS14
tsona,PROPOSS08
e,CS09
leng,VCOP
ho,CN15
bokella,V
dintlha,N10
setjhabeng,N07
mabapi,ADV
le,PART
ba,CS02
etsang,V
botlokotsebe,N14
mmoho,ADV
le,PART
mesebetsi,N04
ya,CPOSS04
bona,PROPOSS02
.,ZE
,
Ditho,N08
tsa,CPOSS08
setjhaba,N07
di,CS08
thuswa,V
ke,PART
basebetsi,N02
ba,CPOSS02
ditsing,N08
tsena,CD08
tseo,CD08
o,CSPERS
letsetsang,V
ho,PART
tsona,PROEMP08
ba,CS02
rupelletsweng,V
hantle,ADV
haholo,ADV
ditabeng,N10
tsa,CPOSS10
dipuisano,N10
tsa,CPOSS10
ho,CN15
etsa,V
dipatlisiso,N10
.,ZE
,
Hona,PROEMPLOC
ho,CN15
o,COPERS
dumella,V
hore,CONJ
o,CSPERS
tsebise,V
ba,CPOSS02
Ditshebeletso,N10
tsa,CPOSS10
Sepolesa,N07
sa,CPOSS07
Afrika,N09
Borwa,N14
ka,PART
mesebetsi,N04
ya,CPOSS04
bao,CD02
ba,CS02
etsang,V
botlokotsebe,N14
ka,PART
tsela,N09
e,CS09
bolokehileng,V
hape,ADV
e,CS09
se,MNEG
nang,VCOP
tshabiso,N09
.,ZE
,
O,CSPERS
ka,MORPHPOT
dula,V
o,CSPERS
sa,MNEG
hlahise,V
lebitso,N05
la,CPOSS05
hao,PROPOSSPERS
ha,CONJ
o,CSPERS
batla,V
.,ZE
,
Ba,CS02
latelang,V
mehlala,N04
ya,CPOSS04
batho,N02
mmoho,ADV
le,PART
di-agent,N10
tse,CS10
shebaneng,V
le,PART
boitsebiso,N14
ba,CPOSS14
bao,CD02
ba,CS02
letsang,V
ha,CONJ
ba,CS02
dumellwa,V
ho,PART
Crime,RV
Stop,RV
bakeng,N07
sa,CPOSS07
ho,CN15
tiisetsa,V
hore,CONJ
bao,CD02
ba,CS02
fanang,V
ka,PART
lesedi,N05
ha,CONJ
ba,CS02
tsejwe,V
.,ZE
,
Tlhahisoleseding,N09
eo,CD09
ho,CSINDEF
fanwang,V
ka,PART
yona,PROEMP09
e,CS09
romelwa,V
mafokising,N06
.,ZE
,
Ela,V
hloko,N09
:,ZM
hona,PROEMPLOC
ho,CSINDEF
etswa,V
feela,ADV
ka,PART
tumello,N09
ya,CPOSS09
hao,PROPOSSPERS
.,ZE
,
O,CSPERS
ka,MORPHPOT
tlaleha,V
hape,ADV
le,PART
ketso,N09
tsa,CPOSS10
botlokotsebe,N14
ka,PART
mokgwa,N03
wa,CPOSS03
elektroniki,N09
weposaeteng,N09
ya,CPOSS09
South,RV
African,RV
Police,RV
Service,RV
(,ZPL
SAPS,RL
),ZPR
oo,CD03
hape,ADV
o,CSPERS
tiisetsang,V
le,PART
ho,CN15
se,MNEG
tsejwe,V
ha,CONJ
motho,N01
ya,CS01
tlalehang,V
",",ZM
ntle,NLOC
le,PART
haebe,CONJ
ho,CSINDEF
boletswe,V
ka,PART
mokgwa,N03
o,ADJC03
mong,ADJ03
.,ZE
,
Letsetsa,V
nomoro,N09
ya,CPOSS09
Crime,RV
Stop,RV
e,CS09
leng,VCOP
08600,RV
10,RV
111,RV
.,ZE
,
Agent,RV
ya,CPOSS09
call,RV
centre,RV
e,CS09
tla,V
ho,CN15
tataisa,V
dipotsong,N10
mme,CONJ
ha,CONJ
tlhahisoleseding,N09
eo,CD09
o,CSPERS
faneng,V
ka,PART
yona,PROEMP09
e,CS09
ka,MORPHPOT
sebediswa,V
",",ZM
o,CS01
tla,V
ho,CN15
neha,V
khoutu,N09
eo,CD09
e,CS09
leng,VCOP
ya,CPOSS09
hao,PROPOSSPERS
o,CSPERS
le,VCOP
mong,ADJ01
.,ZE
,
Haebe,CONJ
tlhahisoleseding,N09
eo,CD09
ha,CONJ
eso,MNEG
be,VCOP
le,PART
molemo,N03
ka,PART
nako,N09
eo,CD09
",",ZM
agent,RV
e,CS09
tla,MORPHFUT
hlalosa,V
lebaka,N05
e,CSNEUT
be,VCOP
e,CSNEUT
ho,CN15
eletsa,V
hore,CONJ
o,CSPERS
ka,MORPHPOT
fumana,V
jwang,QUE
dintlha,N10
tse,ADJC10
ding,ADJ10
.,ZE
,
Tlhahisoleseding,N09
e,CS09
sebedisehang,V
e,CS09
amahangwa,V
le,PART
nomoro,N09
ya,CPOSS09
khoutu,N09
eo,CD09
o,CSPERS
e,CO09
fuweng,V
.,ZE
,
O,CSPERS
tla,MORPHFUT
kotjwa,V
hore,CONJ
o,CSPERS
letsetse,V
mohala,N03
ho,PART
Crime,RV
Stop,RV
nomorong,N09
ena,CD09
08600,RV
10,RV
111,RV
nakong,N09
eo,CD09
o,CSPERS
tla,MORPHFUT
e,CO09
bolellwa,V
hore,CONJ
o,CSPERS
botse,V
hore,CONJ
na,QUE
dintlha,N10
tseo,CD10
di,CS10
a,MORPHPRES
sebetsa,V
le,PART
hore,CONJ
na,QUE
o,CSPERS
a,MORPHPRES
tshwaneleha,V
bakeng,N07
sa,CPOSS07
moputso,N03
.,ZE
,
(,ZPL
ha,CONJ
o,CSPERS
kopile,V
moputso,N03
),ZPR
,
Nakong,N09
e,CS09
tlang,V
",",ZM
agent,RV
e,CS09
tla,MORPHFUT
bua,V
le,PART
wena,PROEMPPERS
ka,PART
nyewe,N09
feela,ADV
haebe,CONJ
nomoro,N09
ya,CPOSS09
khoutu,N09
eo,CD09
o,CSPERS
faneng,V
ka,PART
yona,PROEMP09
e,CS09
nepahetse,V
mme,CONJ
le,PART
boitsebiso,N14
ba,CPOSS14
hao,PROPOSSPERS
bo,CS14
tsamaelana,V
le,PART
"""",ZPL
profaele,N09
"""",ZPL
e,CCOP09
rekotong,N09
.,ZE
,
Agent,RV
e,CS09
tla,MORPHFUT
kgaola,V
mohala,N03
ka,PART
potlako,N09
haebe,CONJ
a,CS01
kgotsofetse,V
hore,CONJ
ha,MNEG
o,CSPERS
motho,N01
eo,CD09
a,CS01
neng,VAUX
a,CS01
bua,V
le,PART
yena,PROEMP01
pejana,NLOC
.,ZE
,
Hona,PROEMPLOC
ke,VCOP
mohato,N03
wa,CPOSS03
tshireletso,N09
mme,CONJ
o,CS03
ke,MNEG
ke,MNEG
wa,CS03
fetolwa,V
.,ZE
,
Ha,CONJ
o,CSPERS
tlaleha,V
botlokotsebe,N14
ka,PART
mokgwa,N03
wa,CPOSS03
elektroniki,N09
",",ZM
tlatsa,V
foromo,N09
ya,CPOSS09
ho,CN15
fuwa,V
maikutlo,N06
(,ZPL
feedback,RV
form,RV
),ZPR
weposaeteng,N09
ya,CPOSS09
SAPS,RL
.,ZE
,
Ho,CSINDEF
tla,MORPHFUT
hlaha,V
nomoro,N09
ya,CPOSS09
referense,N09
hang,ADV
ho,CN15
ba,VCOP
o,CSPERS
romele,V
foromo,N09
.,ZE
,
Crime,RV
Stop,RV
e,CS09
tla,MORPHFUT
hokahana,V
le,PART
yuniti,N09
e,CS09
tshwanetseng,V
ya,CPOSS09
dipatlisiso,N10
bakeng,N07
sa,CPOSS07
ho,CN15
sala,V
taba,N09
morao,NLOC
",",ZM
ka,PART
kopo,N09
ya,CPOSS09
hore,CONJ
ba,CS02
fane,V
ka,PART
tlaleho,N09
ya,CPOSS09
ho,CN15
qala,V
dihoreng,N10
tse,ADJC10
24,RV
mme,CONJ
sephetho,N07
sa,CPOSS07
diphuputso,N10
sona,PROEMP07
se,CS07
tswe,V
ka,PART
potlako,N09
ka,PART
ho,CN15
ya,V
ka,PART
moo,CD18
ho,CSINDEF
ka,MORPHPOT
kgonehang,V
,
Ha,CONJ
o,CSPERS
tshwaneleha,V
mme,CONJ
hape,ADV
o,CSPERS
kopile,V
moputso,N03
",",ZM
mofuputsi,N01
o,CS01
tla,MORPHFUT
beha,V
moputso,N03
le,PART
tshebetso,N09
ya,CPOSS09
ho,CN15
tleleima,V
ka,PART
ho,CN15
ya,V
ka,PART
National,RV
Information,RV
2,RV
/,RS
2001,RV
.,ZE
,
Ha,CONJ
moputso,N03
o,CS03
se,VAUX
o,CS03
lokile,V
",",ZM
ba,CPOSS02
Crime,RV
Stop,RV
ba,CS02
tla,MORPHFUT
iteanya,V
le,PART
wena,PROEMPPERS
ho,CN15
hlophisetsa,V
ho,CN15
leshwa,V
.,ZE
,
Ke,CSPERS
eme,V
ka,PART
pele,NLOC
ho,PART
lona,PROEMPPERS
bosiung,N14
bona,CD14
",",ZM
dilemong,N08
tse,ADJC08
20,RV
ho,CN15
tloha,V
ha,CONJ
Mopresidente,N01
Nelson,N01a
Rolihlahla,N01a
Mandela,N01a
a,CS01
ne,VAUX
a,CS01
tswa,V
kgolehong,N09
.,ZE
,
Re,CSPERS
kgethile,V
letsatsi,N05
lena,CD05
e,CSNEUT
le,VCOP
la,CPOSS05
ho,CN15
bitsa,V
Palamente,N09
ya,CPOSS09
Kopanelo,N09
ho,CN15
etsa,V
puo,N09
e,CS09
mabapi,ADV
le,PART
Maemo,N06
a,CPOSS06
Setjhaba,N07
",",ZM
ho,CN15
keteka,V
motsotso,N03
ona,CD03
wa,CPOSS03
bohlokwa,N14
o,CS03
fetotseng,V
naha,N09
ya,CPOSS09
rona,PROPOSSPERS
.,ZE
,
Ho,CN15
lokollwa,V
ha,CPOSS15
Madiba,N01a
ho,CN15
tlisitswe,V
ke,PART
boitseko,N14
bo,CS14
matla,N06
ba,CPOSS14
batho,N02
ba,CPOSS14
Aforika,NPP
Borwa,N14
.,ZE
,
Batshwaruwa,N02
ba,CPOSS02
dipolotiki,N10
ba,CPOSS14
mehleng,N04
le,PART
mekaubere,N04
e,CS04
teng,PROEMPLOC
kwano,ADV
e,CS04
bile,VCOP
dipaki,N10
tsa,CPOSS10
seo,CD07
hobane,CONJ
e,CS04
ne,VAUX
le,VCOP
karolo,N09
ya,CPOSS09
taba,N09
eo,CD09
.,ZE
,
Le,CSPERS
tla,MORPHFUT
hopola,V
e,CSNEUT
le,VCOP
ka,PART
nnete,N09
hore,CONJ
boholo,N14
ba,CPOSS14
batho,N02
naheng,N09
ena,CD09
",",ZM
ka,PART
mekgahlelo,N04
e,CS09
fapaneng,V
",",ZM
bo,CS14
ile,VAUX
ba,CS14
arabela,V
ka,PART
maikemisetso,N06
kgoeletso,N09
ya,CPOSS09
ho,CN15
hlokisa,V
naha,N09
botsitso,N14
le,PART
ho,CN15
etsa,V
bonnete,N14
ba,CPOSS14
hore,CONJ
kgethollo,N09
ha,MNEG
e,CS09
sebetse,V
.,ZE
,
Re,CSPERS
keteka,V
letsatsi,N05
lena,CD05
le,PART
batshwaruwa,N02
ba,CPOSS02
mehleng,N04
ba,CPOSS02
dipolotiki,N10
bao,CD02
re,CSPERS
ba,CO02
memmeng,V
ka,PART
ho,CN15
ikgetha,V
hore,CONJ
ba,CS02
be,VCOP
le,PART
rona,PROEMPPERS
.,ZE
,
Re,CSPERS
amohela,V
ka,PART
ho,CN15
ikgetha,V
ba,CS02
tswang,V
mose,ADV
hore,CONJ
ba,CS02
be,VCOP
le,PART
rona,PROEMPPERS
mona,CD18
",",ZM
Helene,N01a
Pastoors,N01a
",",ZM
Michael,N01a
Dingake,N01a
wa,CPOSS01
Botswana,NPP
",",ZM
Monghadi,N01a
Andimba,N01a
Toivo,N01a
ya,CPOSS09
Toivo,N01a
wa,CPOSS01
Swapo,N09
ya,CPOSS09
Namibia,NPP
.,ZE
,
Re,CSPERS
thabetse,V
hore,CONJ
ditho,N08
tsa,CPOSS08
moifo,N03
wa,CPOSS03
molao,N03
wa,CPOSS03
nyewe,N09
ya,CPOSS09
Bohlabaphio,N14
ya,CPOSS09
Rivonia,NPP
di,CS08
be,VCOP
le,PART
rona,PROEMPPERS
;,ZM
Lord,RV
Joel,N01a
Joffe,N01a
",",ZM
ya,CS01
seng,VAUX
a,CS01
ahile,V
London,NPP
le,PART
Moahlodi,N01
Arthur,N01a
Chaskalson,N01a
.,ZE
,
Hape,ADV
re,CSPERS
hopola,V
le,PART
ho,CN15
lebisa,V
hlompho,N09
ho,PART
Monghadi,N01a
Harry,N01a
Schwarz,RK
",",ZM
ya,CS01
hlokahetseng,V
beke,N09
e,CS09
fetileng,V
.,ZE
,
Hara,NLOC
ditho,N08
kaofela,ADV
",",ZM
e,CS09
ne,VAUX
e,CS09
le,VCOP
setho,N07
sa,CPOSS07
moifo,N03
wa,CPOSS03
tshireletso,N09
wa,CPOSS03
nyewe,N09
ya,CPOSS09
Rivonia,NPP
.,ZE
,
Re,CSPERS
isa,V
diteboho,N10
ho,PART
metswalle,N04
le,PART
bomphato,N02b
ba,CPOSS02
matjhabeng,N06
",",ZM
bakeng,N07
sa,CPOSS07
ho,CN15
thusa,V
ntweng,N09
ya,CPOSS09
rona,PROPOSSPERS
ya,CPOSS09
ho,CN15
fihlella,V
tokoloho,N09
.,ZE
,
Re,CSPERS
isa,V
kamohelo,N09
e,CS09
ikgethang,V
ho,PART
lelapa,N05
la,CPOSS05
ha,CPOSSLOC
Mandela,N01a
.,ZE
,
Lelapa,N05
lena,CD05
e,CSNEUT
bile,VCOP
letshwao,N05
la,CPOSS05
ho,CN15
intsha,V
sehlabelo,N07
ho,PART
bohle,PROQUANT02
ba,CS02
utlwileng,V
bohloko,N14
ka,PART
kgethollo,N09
.,ZE
,
Re,CSPERS
isa,V
madume,N06
ho,PART
boetapele,N14
ba,CPOSS14
mokga,N03
o,CS03
busang,V
le,PART
bomphato,N02b
ba,CPOSS02
bona,PROPOSS02
",",ZM
bao,CD02
ho,PART
bona,PROEMP02
morero,N03
ono,CD03
e,CSNEUT
leng,VCOP
wa,CPOSS03
bohlokwa,N14
ka,PART
tsela,N09
e,CS09
ikgethang,V
.,ZE
,
Baheso,N02
le,PART
metswalle,N04
",",ZM
,
Letsatsing,N05
lena,CD05
le,CS05
ikgethang,V
",",ZM
re,CSPERS
boetse,V
re,CSPERS
lokela,VAUX
ho,CN15
ananela,V
nyehelo,N09
ya,CPOSS09
boetapele,N14
ba,CPOSS14
National,RV
Party,RV
",",ZM
bao,CD02
qetellong,N09
ba,CS02
ileng,VAUX
ba,CS02
lemoha,V
hore,CONJ
kgethollo,N09
ha,MNEG
e,CS09
na,VCOP
bokamoso,N14
.,ZE
,
Ntumelleng,V
hore,CONJ
ke,CSPERS
hlahise,V
karolo,N09
e,CS09
bapetsweng,V
ke,PART
Mopresidente,N01
wa,CPOSS01
mehleng,N04
PW,RV
Botha,N01a
.,ZE
,
Ke,VCOP
yena,PROEMP01
ya,CS01
qadileng,V
dipuisano,N10
ka,PART
kgonahalo,N09
ya,CPOSS09
ho,CN15
lokolla,V
batshwaruwa,N02
ba,CPOSS02
dipolotiki,N10
.,ZE
,
Mopresidente,N01
Botha,N01a
o,CS01
sebeditse,V
le,PART
Letona,N05
la,CPOSS05
Mehleng,N04
la,CPOSS05
Toka,N09
",",ZM
Monghadi,N01a
Kobie,N01a
Coetzee,N01a
",",ZM
ya,CS01
neng,VAUX
a,CS01
thuswa,V
ke,PART
Ngaka,N09
Neil,N01a
Barnard,N01a
le,PART
Mr,RV
Mike,N01a
Louw,N01a
.,ZE
,
Ba,CS02
bapetse,V
karolo,N09
ya,CPOSS09
bohlokwa,N14
tseleng,N09
e,CS09
neng,VAUX
e,CS09
isa,V
tokolohong,N09
ya,CPOSS09
Madiba,N01a
.,ZE
,
Baheso,N02
ba,CS02
hlomphehileng,V
",",ZM
,
Aforika,NPP
Borwa,N14
e,CS09
sa,MORPHPROG
ntse,VAUX
e,CS09
tla,MORPHFUT
ananela,V
ka,PART
botlalo,N14
",",ZM
karolo,N09
ya,CPOSS09
bohlokwa,N14
e,CS09
bapetsweng,V
ke,PART
Moporesidente,N01
wa,CPOSS01
mehleng,N04
wa,CPOSS01
ANC,RL
",",ZM
wa,CPOSS01
Mphato,N01a
Oliver,N01a
Tambo,N01a
",",ZM
ya,CS01
entseng,V
motheo,N03
wa,CPOSS03
hore,CONJ
naha,N09
ena,CD09
e,CS09
be,VCOP
mohlala,N03
o,ADJC03
motle,ADJ03
wa,CPOSS03
tokoloho,N09
le,PART
demokerasi,N09
.,ZE
,
Ke,VCOP
boetapele,N14
ba,CPOSS14
hae,PROPOSSPERS
bo,CS14
hlwahlwa,N09
",",ZM
tjhebelopele,N09
le,PART
pono,N09
e,CS09
hlakileng,V
tse,CS10
entseng,V
hore,CONJ
ANC,RL
e,CS09
matlafatse,V
tsela,N09
ya,CPOSS09
ditumellano,N10
tsa,CPOSS10
ditherisano,N10
.,ZE
,
Bohlale,N14
ba,CPOSS14
hae,PROPOSSPERS
bo,CS14
bonahetse,V
tumellanong,N09
ya,CPOSS09
Harare,NPP
",",ZM
eo,CD09
a,CS01
e,CO09
ngotseng,V
le,PART
ho,CN15
e,CO09
etella,V
pele,NLOC
.,ZE
,
Sena,CD07
ke,VCOP
sona,PROEMP07
se,CS07
entseng,V
motheo,N03
bakeng,N07
sa,CPOSS07
phatlalatso,N09
e,CS09
entseng,V
histori,N09
ya,CPOSS09
Mopresidente,N01
FW,RV
de,N01a
Klerk,N01a
",",ZM
dilemong,N08
tse,ADJC08
20,RV
tse,CS08
fetileng,V
.,ZE
,
Ka,PART
sena,CD07
",",ZM
Mopresidente,N01
de,N01a
Klerk,N01a
o,CS01
bontshitse,V
sebete,N07
le,PART
boetapele,N14
bo,CS14
hlwahlwa,N09
.,ZE
,
Letsatsing,N05
lena,CD05
le,ADJC05
leholo,ADJ05
",",ZM
e,CSNEUT
re,V
ke,CSPERS
boele,V
ke,CSPERS
ananele,V
karolo,N09
e,CS09
bapetsweng,V
ke,PART
mofu,N01
Mofumahadi,N01
Helen,N01a
Suzman,N01a
.,ZE
,
Ke,VCOP
ka,PART
nako,N09
e,ADJC09
telele,ADJ09
",",ZM
e,CS09
le,VCOP
lentswe,N05
la,CPOSS05
hae,PROPOSSPERS
feela,ADV
palamenteng,N09
",",ZM
le,CS05
neng,VAUX
le,CS05
lwanela,V
diphethoho,N10
.,ZE
,
Re,CSPERS
boela,V
re,CSPERS
ananela,V
karolo,N09
ya,CPOSS09
Moetapele,N01
wa,CPOSS01
Inkatha,RV
Freedom,RV
Party,RV
",",ZM
Morena,N01
Mangosuthu,N01a
Buthelezi,N01a
",",ZM
eo,CD09
le,PART
yena,PROEMP01
a,CS01
lwanetseng,V
ho,CN15
lokollwa,V
ha,CPOSSLOC
Madiba,N01a
",",ZM
le,PART
tokoloho,N09
ya,CPOSS09
batshwaruwa,N02
ba,ADJC02
bang,ADJ02
ba,CPOSS02
dipolotiki,N10
le,PART
ho,CN15
kgutla,V
ha,CPOSSLOC
babalehi,N02
ba,CPOSS02
dipolotiki,N10
.,ZE
,
Re,CSPERS
sa,MORPHPROG
boela,V
re,CSPERS
phetha,V
ho,CN15
leboha,V
ho,CN15
tloha,V
botebong,N14
ba,CPOSS14
dipelo,N10
tsa,CPOSS10
rona,PROPOSSPERS
ba,CPOSS14
dinaha,N10
tsa,CPOSS10
matjhabeng,N06
bakeng,N07
sa,CPOSS07
tshehetso,N09
ya,CPOSS09
bona,PROPOSS02
e,CS09
sa,MNEG
thekeseleng,V
ntweng,N09
ya,CPOSS09
rona,PROPOSSPERS
.,ZE
,
Dinako,N10
tsena,CD10
tsa,CPOSS10
histori,N09
ya,CPOSS09
rona,PROPOSSPERS
di,CS10
bontsha,V
bokgoni,N14
ba,CPOSS14
rona,PROPOSSPERS
ba,CPOSS14
ho,CN15
ipopa,V
",",ZM
le,PART
ka,PART
tlasa,NLOC
mathata,N06
a,ADJC06
maholo,ADJ06
",",ZM
le,PART
ho,CN15
beha,V
ditabatabelo,N10
tsa,CPOSS10
naha,N09
ka,PART
pele,NLOC
ho,PART
ditabatabelo,N10
tse,ADJC10
ding,ADJ10
tsohle,PROQUANT10
.,ZE
,
Ha,CONJ
re,CSPERS
sebetsa,V
mmoho,ADV
",",ZM
re,CSPERS
ka,MORPHPOT
etsa,V
haholwanyane,ADV
.,ZE
,
Ditho,N08
tse,CS08
hlomphehileng,V
",",ZM
,
Selemong,N07
sena,CD07
se,CS07
hodimo,NLOC
",",ZM
re,CSPERS
tla,MORPHFUT
tshwaya,V
dilemo,N08
tse,ADJC08
lekgolo,N05
tsa,CPOSS08
ho,CN15
thehwa,V
ha,CPOSSLOC
Kopano,N09
ya,CPOSS09
Aforika,NPP
Borwa,N14
",",ZM
e,CS09
thehilweng,V
ka,PART
1910,RV
.,ZE
,
Sa,CPOSS07
bohlokwa,N14
ke,VCOP
hore,CONJ
",",ZM
ho,CN15
qhelelwa,V
ka,PART
thoko,N09
ha,CPOSSLOC
batho,N02
ba,ADJC02
batsho,ADJ02
.,ZE
,
Kopanong,N09
ena,CD09
e,CS09
bile,VCOP
le,ADJC05
leng,ADJ05
la,CPOSS05
mabaka,N06
a,ADJC06
maholo,ADJ06
a,CPOSS06
hore,CONJ
Mokgatlo,N03
wa,CPOSS03
African,RV
National,RV
Congress,RV
o,CS03
thehwe,V
ka,PART
1912,RS
.,ZE
,
Ha,CONJ
re,CSPERS
tla,MORPHFUT
be,VCOP
re,CSPERS
tshwaya,V
dilemo,N08
tsena,CD08
tse,ADJC08
lekgolo,N05
selemong,N07
sena,CD07
",",ZM
re,CSPERS
lokela,VAUX
ho,CN15
thuhisa,V
le,PART
ho,CN15
hopola,V
tsela,N09
eo,CD09
re,CSPERS
e,CO09
tsamaileng,V
jwaleka,ADV
naha,N09
.,ZE
,
Ditho,N08
tse,CS08
hlomphehileng,V
",",ZM
,
"""",ZPL
Re,CSPERS
hopola,V
mantswe,N06
a,CPOSS06
Madiba,N01a
ha,CONJ
a,CS01
ne,VAUX
a,CS01
lokollwa,V
",",ZM
ha,CONJ
a,CS01
ne,VAUX
a,CS01
re,V
mme,CONJ
ke,CSPERS
a,MORPHPRES
qotsa,V
:,ZM
,
Ke,CSPERS
eme,V
ka,PART
pele,NLOC
ho,PART
lona,PROEMPPERS
",",ZM
e,CSNEUT
seng,MNEG
jwaloka,ADV
moporofeta,N01
empa,CONJ
jwaloka,ADV
mosebeletsi,N01
ya,CS01
ikokobeditseng,V
wa,CPOSS01
lona,PROPOSSPERS
",",ZM
setjhaba,N07
.,ZE
,
Boikitlaetso,N14
ba,CPOSS14
lona,PROPOSSPERS
bo,CS14
se,MNEG
nang,VCOP
ho,CN15
lekanngwa,V
ke,PART
bona,PROEMP14
bo,CS14
entseng,V
hore,CONJ
ke,CSPERS
be,VCOP
mona,CD18
kajeno,ADV
.,ZE
,
Ha,CONJ
ho,CSINDEF
le,VCOP
jwalo,ADV
",",ZM
ke,CSPERS
beha,V
dilemo,N08
tse,CS08
setseng,V
tsa,CPOSS08
ho,CN15
phela,V
ha,PROPOSS15
ka,PART
matsohong,N06
a,CPOSS06
lona,PROPOSSPERS
.,ZE
"""",ZPL
,
Mantswe,N06
ana,CD06
a,CS06
re,COPERS
kgothatsa,V
hore,CONJ
re,CSPERS
se,MNEG
ke,MNEG
ra,CSPERS
phomola,V
ho,CN15
fihlela,V
re,CSPERS
fihlella,V
ditabatabelo,N10
tsa,CPOSS10
ho,CN15
ba,VCOP
setjhaba,N07
se,CS07
lokolohileng,V
bofumeng,N14
le,PART
bohloking,N14
.,ZE
,
Dilemong,N08
tse,ADJC08
mashome,N06
a,ADJC06
mabedi,ADJ06
e,CSNEUT
sa,MORPHPROG
le,VCOP
Madiba,N01a
a,CS01
lokollwa,V
",",ZM
naha,N09
ya,CPOSS09
rona,PROPOSSPERS
e,CS09
fetohile,V
haholo,ADV
.,ZE
,
Mopresidente,N01
Mandela,N01a
o,CS01
kopantse,V
naha,N09
ena,CD09
ka,PART
sepheo,N07
sa,CPOSS07
ho,CN15
re,V
e,CS09
hloke,V
kgethollo,N09
ka,PART
bong,N14
",",ZM
ka,PART
botjhaba,N14
",",ZM
mme,CONJ
e,CS09
be,VCOP
naha,N09
ya,CPOSS09
demokerasi,N09
le,PART
Aforika,NPP
Borwa,N14
e,CS09
tswetseng,V
pele,NLOC
.,ZE
,
Kajeno,ADV
ha,CONJ
re,CSPERS
keteka,V
tokoloho,N09
ya,CPOSS09
Madiba,N01a
",",ZM
ha,CONJ
re,CSPERS
itlameng,V
hore,CONJ
re,CSPERS
tla,MORPHFUT
aha,V
bokamoso,N14
bo,CS14
betere,ADJ14
bakeng,N07
sa,CPOSS07
maAfrika,NPP
Borwa,N14
oohle,PROQUANT06
",",ZM
ba,ADJC02
batsho,ADJ02
le,PART
ba,ADJC02
basweu,ADJ02
.,ZE
,
Ha,CONJ
re,CSPERS
latelleng,V
toro,N09
ena,CD09
ya,CPOSS09
Madiba,N01a
ya,CS01
e,CO09
lwanetseng,V
bophelo,N14
ba,CPOSS14
hae,PROPOSSPERS
bohle,PROQUANT14
",",ZM
toro,N09
ya,CPOSS09
setjhaba,N07
sa,CPOSS07
demokerasi,N09
se,CS07
lokolohileng,V
",",ZM
moo,CD18
batho,N02
ba,CS02
phelang,V
mmoho,ADV
ka,PART
kutlwano,N09
le,PART
menyetla,N04
e,CS04
lekanang,V
.,ZE
,
Ditho,N08
tse,CS08
hlomphehileng,V
",",ZM
,
Re,CSPERS
bitsitse,V
kopanelo,N09
ena,CD09
ya,CPOSS09
palamente,N09
bosiu,N14
hore,CONJ
bongata,N14
ba,CPOSS14
batho,N02
ka,PART
naheng,N09
",",ZM
basebetsi,N02
le,PART
bana,N02
ba,CPOSS02
dikolo,N08
",",ZM
e,CSNEUT
be,VCOP
karolo,N09
ya,CPOSS09
morero,N03
ona,CD03
.,ZE
,
Re,CSPERS
kgahlisitswe,V
ke,PART
morolo,N03
o,CS03
bontshitsweng,V
ke,PART
batjha,N02
ka,PART
morero,N03
ona,CD03
.,ZE
,
Bana,N02
ba,ADJC02
206,RV
ba,CS02
tswang,V
diprovenseng,N10
tsohle,PROQUANT10
ba,CS02
bile,VCOP
teng,NLOC
dingangisanong,N10
tsa,CPOSS10
mantlha,N06
tse,CS10
etellang,V
pele,NLOC
puo,N09
e,CS09
mabapi,ADV
le,PART
Maemo,N06
a,CPOSS06
Setjhaba,N07
bakeng,N07
sa,CPOSS07
karolo,N09
eo,CD09
batjha,N02
ba,CS02
ka,MORPHPOT
e,CO09
bapalang,V
twantshong,N09
ya,CPOSS09
bofuma,N14
.,ZE
,
Re,CSPERS
thoholetsa,V
mohlodi,N03
wa,CPOSS03
kakaretso,N09
",",ZM
Charlotte,N01a
Le,N01a
Fleur,N01a
wa,CPOSS01
Worcester,RV
Secondary,RV
School,RV
",",ZM
le,PART
ba,CS02
nka,V
karolo,N09
bohle,PROQUANT02
bakeng,N07
sa,CPOSS07
tshebetso,N09
e,CS09
matla,N06
.,ZE
,
Baheso,N02
le,PART
metswalle,N04
",",ZM
,
Re,CSPERS
kopana,V
kamorao,NLOC
ho,PART
maemo,N06
a,CS06
thekeselang,V
a,CPOSS06
moruo,N03
wa,CPOSS03
lefatshe,N05
.,ZE
,
Ngwahola,ADV
",",ZM
re,CSPERS
bile,VCOP
le,PART
maemo,N06
a,ADJC06
mabe,ADJ06
a,CPOSS06
moruo,N03
lekgetlo,N05
la,CPOSS05
pele,NLOC
dilemong,N08
tse,ADJC08
17,RV
.,ZE
,
Maemo,N06
ana,CD06
a,ADJC06
mabe,ADJ06
a,CPOSS06
moruo,N03
a,CS06
entse,V
hore,CONJ
re,CSPERS
lahlehelwe,V
ke,PART
mesebetsi,N04
e,ADJC04
900,RV
000,RV
.,ZE
,
Boholo,N14
ba,CPOSS14
bao,CD02
ba,CS02
lahlehetsweng,V
ke,PART
mesebetsi,N04
e,CS09
ne,VAUX
e,CS09
le,VCOP
bona,PROEMP02
ba,CS02
jereng,V
malapa,N06
a,CS06
futsanehileng,V
.,ZE
,
Selemong,N07
se,CS07
fetileng,V
ka,PART
Hlakola,N09
",",ZM
mmuso,N03
",",ZM
dikgwebo,N10
",",ZM
baemedi,N02
ba,CPOSS02
basebetsi,N02
le,PART
baahi,N02
ba,CS02
ile,VAUX
ba,CS02
dumellana,V
ka,PART
sehlopha,N07
sa,CPOSS07
mekgwa,N04
ya,CPOSS04
ho,CN15
fokotsa,V
sekgahla,N07
sa,CPOSS07
maemo,N06
ana,CD06
a,ADJC06
mabe,ADJ06
a,CPOSS06
moruo,N03
.,ZE
,
Re,CSPERS
kentse,V
bongata,N14
ba,CPOSS14
mekgwa,N04
ena,CD04
tshebetsong,N09
.,ZE
,
Re,CSPERS
kentshe,V
tshebetsong,N09
mekgwa,N04
e,CS04
matla,N06
kgahlanong,N09
le,PART
maemo,N06
a,ADJC06
mabe,ADJ06
a,CPOSS06
moruo,N03
jwaloka,ADV
mmuso,N03
ka,PART
ho,CN15
kgina,V
metheo,N04
ya,CPOSS04
setjhaba,N07
.,ZE
,
Bakeng,N07
sa,CPOSS07
ho,CN15
bebofatsa,V
mathata,N06
a,CS06
ba,CS02
futsanehileng,V
",",ZM
re,CSPERS
potlakisitse,V
ho,CN15
nyollwa,V
ha,CONJ
ditjhelete,N10
tsa,CPOSS10
letlole,N05
la,CPOSS05
thuso,N09
la,CPOSS05
tshehetso,N09
ya,CPOSS09
bana,N02
",",ZM
mme,CONJ
ra,CSPERS
eketsa,V
dilemo,N08
tsa,CPOSS08
bana,N02
ba,CS02
lokelang,VAUX
ho,CN15
fumana,V
tshehetso,N09
ya,CPOSS09
tjhelete,N09
ya,CPOSS09
thuso,N09
ka,PART
ho,CN15
kenyeletsa,V
le,PART
bana,N02
ba,CPOSS02
dilemo,N08
tse,ADJC08
ka,PART
hodimo,NLOC
ho,PART
tse,ADJC08
14,RV
.,ZE
,
Dilemong,N08
tse,ADJC08
tharo,ADJ08
tse,CS08
tlang,V
",",ZM
bana,N02
ba,CPOSS02
tlatsetso,N09
ba,CS02
dimilione,N10
tse,ADJC10
pedi,ADJ10
ba,CS02
tswang,V
malapeng,N06
le,PART
matlong,N06
a,CS06
futsanehileng,V
",",ZM
ba,CS02
dilemo,N08
tse,ADJC08
15,RV
ho,CN15
ya,V
ho,PART
18,RV
",",ZM
ba,CS02
tla,MORPHFUT
una,V
molemo,N03
letloleng,N05
la,CPOSS05
thuso,N09
ya,CPOSS09
tshehetso,N09
ya,CPOSS09
bana,N02
.,ZE
,
Koporasi,N09
ya,CPOSS09
Ntshetsopele,N09
ya,CPOSS09
Diindaseteri,N10
e,CS09
beheletse,V
ka,PART
thoko,N09
dibilione,N10
tse,CS10
tsheletseng,V
tsa,CPOSS10
diranta,N10
ho,CN15
thusa,V
dikhamphani,N10
tse,CS10
tlokotsing,N09
.,ZE
,
Mmuso,N03
o,CS03
tlile,V
ka,PART
leano,N05
le,CS05
bitswang,V
"""",ZPL
sekema,N07
sa,CPOSS07
thupello,N09
"""",ZPL
bakeng,N07
sa,CPOSS07
ho,CN15
fa,V
basebetsi,N02
nako,N09
ya,CPOSS09
kwetliso,N09
ho,CSINDEF
na,VCOP
le,PART
hore,CONJ
ba,CS02
fokotswe,V
mosebetsing,N03
.,ZE
,
Mekutu,N04
ena,CD04
e,CS04
ile,VAUX
ya,CS04
phahamiswa,V
ke,PART
Lenaneo,N05
la,CPOSS05
Mesebetsi,N04
ya,CPOSS04
Setjhaba,N07
la,CPOSS05
rona,PROPOSSPERS
.,ZE
,
Setjhaba,N07
se,CS07
tla,MORPHFUT
hopola,V
hore,CONJ
Puong,N09
ya,CPOSS09
Maemo,N06
a,CPOSS06
Setjhaba,N07
ka,PART
2009,RV
",",ZM
ke,CSPERS
ile,VAUX
ka,CSPERS
tsebisa,V
hore,CONJ
Lenaneo,N05
le,CS05
Ekeditsweng,V
la,CPOSS05
Mesebetsi,N04
le,CS05
tla,MORPHFUT
hlahisa,V
menyetla,N04
ya,CPOSS04
mesebetsi,N04
e,ADJC04
500,RV
000,RV
ka,PART
Tshitwe,N09
2009,RV
.,ZE
,
Ena,CD04
ke,VCOP
menyetla,N04
ya,CPOSS04
mesebetsi,N04
e,CS04
hlahisitsweng,V
ho,CN15
fana,V
ka,PART
menyetla,N04
ya,CPOSS04
mosebetsi,N03
ho,PART
batho,N02
ba,CS02
sa,MNEG
sebetseng,V
hore,CONJ
ba,CS02
be,VCOP
le,PART
lekeno,N05
la,CPOSS05
tjhelete,N09
",",ZM
le,PART
hore,CONJ
ba,CS02
thole,V
boiphihlelo,N14
le,PART
menyetla,N04
ya,CPOSS04
thupello,N09
.,ZE
,
Ditho,N08
tse,CS08
hlomphehileng,V
",",ZM
maAforika,NPP
Borwa,N14
a,CPOSS06
heso,PROPOSSPERS
",",ZM
,
Re,CSPERS
thabela,V
ho,CN15
tsebisa,V
hore,CONJ
mafelong,N06
Tshitwe,N09
",",ZM
re,CSPERS
hlahisitse,V
menyetla,N04
ya,CPOSS04
mesebetsi,N04
e,ADJC04
480,RV
000,RV
ya,CPOSS04
mesebetsi,N04
ya,CPOSS04
setjhaba,N07
",",ZM
seo,CD07
e,CS04
leng,VCOP
97%,RS
ya,CPOSS04
seo,CD07
re,CSPERS
neng,VAUX
re,CSPERS
se,CO07
rerile,V
.,ZE
,
Mesebetsi,N04
ena,CD04
e,CS04
dikarolong,N10
tse,CS10
kang,V
tsa,CPOSS10
ho,CN15
aha,V
",",ZM
tlhokomelong,N10
tsa,CPOSS10
malapa,N06
le,PART
tsa,CPOSS10
baahi,N02
",",ZM
le,PART
diporojekeng,N10
tsa,CPOSS10
tikoloho,N09
.,ZE
,
Re,CSPERS
hlwaile,V
dibaka,N08
tse,CS08
itseng,V
tsa,CPOSS08
ntlafatso,N09
",",ZM
tseo,CD08
re,CSPERS
tla,MORPHFUT
sebetsanang,V
le,PART
tsona,PROEMP08
ho,CN15
ya,V
pele,NLOC
ho,CN15
kenyeletsa,V
le,PART
diporojeke,N10
tse,CS10
batlang,V
basebetsi,N02
ba,ADJC02
bangata,ADJ02
.,ZE
,
Re,CSPERS
ya,V
tseba,V
hore,CONJ
tsena,CD10
le,PART
mekutu,N04
e,ADJC04
meng,ADJ04
di,CS10
ke,MNEG
ke,MNEG
tsa,CS10
lwantshana,V
le,PART
sefutho,N07
sa,CPOSS07
ikonomi,N09
e,CS09
putlameng,V
.,ZE
,
Re,CSPERS
lebohela,V
moya,N03
o,ADJC03
motle,ADJ03
wa,CPOSS03
lelapa,N05
",",ZM
boahi,N14
le,PART
mosebetsi,N03
wa,CPOSS03
boithaopi,N14
o,CS03
bontshitsweng,V
ke,PART
batho,N02
ba,ADJC02
bangata,ADJ02
bakeng,N07
sa,CPOSS07
ho,CN15
thusa,V
bao,CD02
ba,CS02
anngweng,V
ke,PART
tlokotsi,N09
ena,CD09
",",ZM
hara,NLOC
dinako,N10
tsena,CD10
tse,CS10
boima,N14
.,ZE
,
Ditho,N08
tse,CS08
hlomphehileng,V
",",ZM
,
Matshwao,N06
a,CPOSS06
ikonomi,N09
a,CS06
bontsha,V
hore,CONJ
re,CSPERS
batla,V
re,CSPERS
bona,V
ntlafalo,N09
ya,CPOSS09
maemo,N06
.,ZE
,
Maemo,N06
a,CPOSS06
ikonomi,N09
a,CS06
a,MORPHPRES
ntlafala,V
Aforika,NPP
Borwa,N14
",",ZM
mme,CONJ
re,CSPERS
lebeletse,V
kgolo,N09
ya,CPOSS09
moruo,N03
ho,CN15
ya,V
pele,NLOC
.,ZE
,
Dipalopalo,N10
tsa,CPOSS10
basebetsi,N02
tse,CS10
lokollotsweng,V
ka,PART
Labobedi,N05
",",ZM
di,CS10
bontsha,V
hore,CONJ
ha,CONJ
jwale,ADV
ikonomi,N09
e,CS09
hlahisa,V
mesebetsi,N04
ho,CN15
fapana,V
le,PART
ho,CN15
e,CO04
fokotsa,V
.,ZE
,
Le,PART
ha,CONJ
ho,CSINDEF
le,VCOP
jwalo,ADV
",",ZM
e,CSNEUT
sa,MORPHPROG
le,VCOP
kapele,ADV
haholo,ADV
hore,CONJ
re,CSPERS
ka,MORPHPOT
netefatsa,V
sekgahla,N07
seo,CD07
ikonomi,N09
e,CS09
nyolohang,V
ka,PART
sona,PROEMP07
.,ZE
,
Mmuso,N03
le,PART
ha,CONJ
ho,CSINDEF
le,VCOP
jwalo,ADV
o,CS03
ke,MNEG
ke,MNEG
wa,CS03
hula,V
mekutu,N04
ya,CPOSS04
ona,CD03
ya,CPOSS04
tshehetso,N09
.,ZE
,
Jwale,ADV
ke,VCOP
nako,N09
ya,CPOSS09
ho,CN15
etsa,V
motheo,N03
bakeng,N07
sa,CPOSS07
kgolo,N09
e,CS09
matla,N06
ho,CN15
ya,V
pele,NLOC
",",ZM
le,PART
kgolo,N09
e,CS09
tla,MORPHFUT
tswala,V
mesebetsi,N04
e,ADJC04
mengata,ADJ04
.,ZE
,
Lenaneo,N05
la,CPOSS05
rona,PROPOSSPERS
la,CPOSS05
nako,N09
e,ADJC09
telele,ADJ09
la,CPOSS05
motheo,N03
wa,CPOSS03
setjhaba,N07
le,CS05
tla,MORPHFUT
re,COPERS
thusa,V
ho,CN15
hola,V
ka,PART
potlako,N09
.,ZE
,
Thuto,N09
ya,CPOSS09
rona,PROPOSSPERS
le,PART
mananeo,N06
a,CPOSS06
bokgoni,N14
di,CS10
tla,MORPHFUT
phahamisa,V
tlhahiso,N09
le,PART
hlodisano,N09
.,ZE
,
Leano,N05
la,CPOSS05
rona,PROPOSSPERS
la,CPOSS05
Tshebetso,N09
ya,CPOSS09
Indaseteri,N09
le,PART
ho,CN15
tsepamisa,V
maikutlo,N06
ho,PART
mesebetsi,N04
e,CS04
bolokehileng,V
ya,CPOSS04
temo,N09
bakeng,N07
sa,CPOSS07
tikoloho,N09
",",ZM
di,CS10
tla,MORPHFUT
aha,V
dindaseteri,N10
tse,ADJC10
ngata,ADJ10
le,PART
tse,ADJC10
matla,N06
bakeng,N07
sa,CPOSS07
ho,CN15
hohela,V
basebetsi,N02
.,ZE
,
Lenaneo,N05
la,CPOSS05
rona,PROPOSSPERS
la,CPOSS05
ntshetsopele,N09
ya,CPOSS09
dibaka,N08
tsa,CPOSS08
mahae,N06
le,CS05
tla,MORPHFUT
ntlafatsa,V
tlhahiso,N09
ya,CPOSS09
mahaeng,N06
",",ZM
le,PART
maphelo,N06
a,CPOSS06
baahi,N02
ba,CPOSS02
metseng,N04
ya,CPOSS04
mahae,N06
.,ZE
,
Seo,CD07
e,CSNEUT
leng,VCOP
sa,CPOSS07
bohlokwa,N14
mawaleng,N06
a,CPOSS06
rona,PROPOSSPERS
a,CPOSS06
ho,CN15
hodisa,V
le,PART
ho,CN15
tsoseletsa,V
moruo,N03
",",ZM
ke,VCOP
lenaneo,N05
la,CPOSS05
rona,PROPOSSPERS
la,CPOSS05
ho,CN15
tsetela,V
meahong,N04
.,ZE
,
Dilemong,N08
tse,ADJC08
tharo,ADJ08
tse,CS08
tlang,V
",",ZM
mmuso,N03
o,CS03
tla,MORPHFUT
sebedisa,V
dibilione,N10
tse,ADJC10
R846,RV
hodima,NLOC
metheo,N04
ya,CPOSS04
setjhaba,N07
.,ZE
,
Bakeng,N07
sa,CPOSS07
dipalangwang,N10
",",ZM
re,CSPERS
tla,MORPHFUT
boloka,V
mebila,N04
ya,CPOSS04
rona,PROPOSSPERS
maemong,N06
a,ADJC06
matle,ADJ06
le,PART
ho,CN15
atolosa,V
marangrang,N06
a,CPOSS06
ditsela,N10
tsa,CPOSS10
rona,PROPOSSPERS
.,ZE
,
Re,CSPERS
tla,MORPHFUT
netefatsa,V
hore,CONJ
marangrang,N06
a,CPOSS06
rona,PROPOSSPERS
a,CPOSS06
seporo,N07
sa,CPOSS07
terene,N09
ke,VCOP
a,CS06
tshepahalang,V
",",ZM
a,CPOSS06
maemong,N06
a,CPOSS06
hlodisano,N09
mme,CONJ
a,CS06
hokahantswe,V
betere,ADV
le,PART
maemakepe,N06
a,CPOSS06
rona,PROPOSSPERS
.,ZE
,
Ho,CN15
netefatsa,V
phano,N09
e,CS09
tshepahalang,V
ya,CPOSS09
motlakase,N03
",",ZM
re,CSPERS
theile,V
Komite,N09
ya,CPOSS09
Kahare,N09
ya,CPOSS09
Matona,N06
e,CS09
shebaneng,V
le,PART
matla,N06
a,CPOSS06
motlakase,N03
ho,CN15
hlabolla,V
leano,N05
la,CPOSS05
dilemo,N08
tse,ADJC08
a,CPOSS06
20,RV
la,CPOSS05
mehlodi,N04
e,CS04
kopanetsweng,V
.,ZE
,
Hara,NLOC
tse,ADJC10
ding,ADJ10
",",ZM
sena,CD07
se,CS07
tla,MORPHFUT
shebana,V
ho,CN15
nka,V
karolo,N09
ha,CONJ
bahlahisi,N02
ba,CS02
ikemetseng,V
ba,CS02
matla,N06
a,CPOSS06
motlakase,N03
",",ZM
le,PART
ho,CN15
tshireletsa,V
bafutsana,N02
kgahlanong,N09
le,PART
ditjeo,N10
tse,CS10
phahameng,V
tsa,CPOSS10
motlakase,N03
.,ZE
,
Re,CSPERS
tla,MORPHFUT
theha,V
mohlahisi,N01
ya,CS01
ikemetseng,V
",",ZM
ya,CS01
se,MNEG
nang,VCOP
kopano,N09
le,PART
Eskom,RK
Holdings,RV
.,ZE
,
Eskom,RK
e,CS09
tla,MORPHFUT
tswelapele,V
ho,CN15
aha,V
keketseho,N09
ya,CPOSS09
ho,CN15
fehla,V
motlakase,N03
le,PART
ho,CN15
ntlafatsa,V
paballo,N09
ya,CPOSS09
diteishene,N08
tsa,CPOSS08
motlakase,N03
.,ZE
,
Bakeng,N07
sa,CPOSS07
ho,CN15
ntshetsapele,V
ikonomi,N09
e,CS09
kenyeletsang,V
ho,CN15
thusa,V
kgolo,N09
le,PART
ntshetsopele,N09
",",ZM
re,CSPERS
thehile,V
Lekgotla,N05
la,CPOSS05
ho,CN15
Matlafatsa,V
Batho,N02
ba,ADJC02
Batsho,ADJ02
Ikonoming,N09
ka,PART
ho,CN15
Phatlalla,V
",",ZM
leo,CD05
modulasetulo,N01
wa,CPOSS01
lona,PROPOSSPERS
e,CS01
leng,VCOP
Mopresidente,N01
.,ZE
,
Se,CS07
potlakileng,V
haholo,ADV
ke,VCOP
hore,CONJ
ho,CN15
tsepamiswe,V
maikutlo,N06
ho,CN15
fetoleng,V
leano,N05
ka,PART
ho,CN15
kena,V
ka,PART
setotswana,N07
ho,CN15
hlahiseng,V
mesebetsi,N04
bakeng,N07
sa,CPOSS07
batjha,N02
.,ZE
,
Sekgahla,N07
sa,CPOSS07
ho,CN15
hloka,V
mosebetsi,N03
batjheng,N02
ba,CPOSS02
rona,PROPOSSPERS
se,CCOP07
hodimo,NLOC
haholo,ADV
ho,PART
palohare,N09
.,ZE
,
Ditshisinyo,N10
di,CS10
tla,MORPHFUT
behwa,V
tafoleng,N09
bakeng,N07
sa,CPOSS07
ho,CN15
tshehetsa,V
ka,PART
ditjhelete,N10
ditjeo,N10
tsa,CPOSS10
ho,CN15
hira,V
basebetsi,N02
ba,ADJC02
batjha,ADJ02
dilemong,N08
",",ZM
bakeng,N07
sa,CPOSS07
ho,CN15
kgothaletsa,V
difeme,N10
ho,CN15
hira,V
batho,N02
ba,CS02
se,MNEG
nang,VCOP
boiphihlelo,N14
.,ZE
,
Ho,CSINDEF
na,VCOP
le,PART
mananeo,N06
a,ADJC06
mang,ADJ06
a,CPOSS06
katoloso,N09
ya,CPOSS09
ho,CN15
hirwa,V
ha,CPOSS15
setjhaba,N07
a,CS06
leng,VCOP
tseleng,N09
.,ZE
,
Sena,CD07
se,CS07
kenyeletsa,V
motheo,N03
wa,CPOSS03
tsa,CPOSS10
lehae,N05
le,PART
diporojeke,N10
tsa,CPOSS10
thuto,N09
e,CS09
phahameng,V
le,PART
diporejeke,N10
tsa,CPOSS10
ho,CN15
ithuta,V
ho,CN15
bala,V
",",ZM
tlhokomelo,N09
ya,CPOSS09
lapeng,N05
",",ZM
paballo,N09
ya,CPOSS09
dikolo,N08
le,PART
merero,N04
ya,CPOSS04
ntshetsopele,N09
ya,CPOSS09
bana,N02
.,ZE
,
Selemong,N07
se,CS07
fetileng,V
re,CSPERS
thehile,V
Boemedi,N14
ba,CPOSS14
Naha,N09
Ntshetsopeleng,N09
ya,CPOSS09
Batjha,N02
.,ZE
,
Re,CSPERS
laetse,V
lekala,N05
lena,CD05
ho,CN15
sebetsa,V
ka,PART
potlako,N09
bakeng,N07
sa,CPOSS07
ho,CN15
theha,V
makala,N06
a,CPOSS06
lona,PROPOSSPERS
",",ZM
naheng,N09
ka,PART
bophara,N14
",",ZM
hore,CONJ
le,CS05
re,COPERS
thuse,V
ho,CN15
sebetsana,V
le,PART
ho,CN15
phethahatsa,V
mananeo,N06
a,CPOSS06
ntshetsopele,N09
ya,CPOSS09
batjha,N02
ka,PART
hara,NLOC
mmuso,N03
.,ZE
,
Ditho,N08
tse,CS08
hlomphehileng,V
",",ZM
,
Ha,CONJ
mmuso,N03
ona,CD03
o,CS03
ne,VAUX
o,CS03
kena,V
kantorong,N09
selemong,N07
se,CS07
fetileng,V
",",ZM
re,CSPERS
itlamme,V
ho,CN15
menahanya,V
boikitlaetso,N14
ba,CPOSS14
rona,PROPOSSPERS
ba,CPOSS14
ho,CN15
aha,V
mmuso,N03
o,CS03
matla,N06
o,CS03
tswelang,V
pele,NLOC
.,ZE
,
Re,CSPERS
itse,V
e,CSNEUT
tla,MORPHFUT
ba,VCOP
mmuso,N03
o,CS03
arabelang,V
ditlhoko,N10
le,PART
ditakatso,N10
tsa,CPOSS10
batho,N02
",",ZM
le,PART
o,CS03
sebetsang,V
betere,ADV
le,PART
ka,PART
potlako,N09
.,ZE
,
Selemo,N07
sena,CD07
",",ZM
e,CSNEUT
leng,VCOP
2010,RV
",",ZM
e,CSNEUT
tla,MORPHFUT
ba,VCOP
selemo,N07
sa,CPOSS07
ho,CN15
sebetsa,V
.,ZE
,
Seo,CD07
e,CSNEUT
tla,MORPHFUT
ba,VCOP
sesupo,N07
se,CS07
hlalosang,V
tsamaiso,N09
ena,CD09
e,CSNEUT
tla,MORPHFUT
ba,VCOP
hore,CONJ
e,CSNEUT
tseba,V
moo,CD18
batho,N02
ba,CS02
dulang,V
",",ZM
e,CSNEUT
utlwisisa,V
ditlhoko,N10
mme,CONJ
e,CSNEUT
arabela,V
ka,PART
potlako,N09
.,ZE
,
Mmuso,N03
o,CS03
lokela,VAUX
ho,CN15
sebetsa,V
ka,PART
potlako,N09
",",ZM
haholo,ADV
le,PART
ka,PART
makgethe,N06
.,ZE
,
Re,CSPERS
tla,MORPHFUT
lebella,V
hore,CONJ
Bookamedi,N14
le,PART
Tshebeletso,N09
ya,CPOSS09
Setjhaba,N07
di,CS10
ipapise,V
le,PART
pono,N09
ena,CD09
.,ZE
,
Re,CSPERS
aha,V
mmuso,N03
o,CS03
tsepamisitseng,V
maikutlo,N06
tshebetsong,N09
",",ZM
ka,PART
ho,CN15
ntlafatsa,V
meralo,N04
le,PART
ho,CN15
beha,V
tshebetso,N09
leihlo,N05
le,PART
ho,CN15
e,CO09
hlahloba,V
.,ZE
,
Re,CSPERS
boetse,V
re,CSPERS
lokela,VAUX
ho,CN15
hokahanya,V
mekgwa,N04
ya,CPOSS04
tekatekano,N09
ya,CPOSS09
bong,N14
ho,PART
Lenaneo,N05
la,CPOSS05
Mmuso,N03
la,CPOSS05
Tshebetso,N09
.,ZE
,
Mohato,N03
ona,CD03
wa,CPOSS03
tshebetso,N09
o,CS03
tla,MORPHFUT
netefatsa,V
hore,CONJ
basadi,N02
",",ZM
bana,N02
le,PART
batho,N02
ba,CS02
nang,VCOP
le,PART
boqhwala,N14
ba,CS02
kgona,VAUX
ho,CN15
fihlella,V
menyetla,N04
ya,CPOSS04
ntshetsopele,N09
.,ZE
,
Re,CSPERS
thabela,V
ho,CN15
phatlalatsa,V
tsela,N09
e,ADJC09
ntjha,ADJ09
ya,CPOSS09
ho,CN15
etsa,V
dintho,N10
mmusong,N03
.,ZE
,
Mosebetsi,N03
wa,CPOSS03
mafapha,N06
o,CS03
tla,MORPHFUT
methwa,V
ka,PART
diphetho,N10
",",ZM
o,CS03
tla,MORPHFUT
ntshetswa,V
pele,NLOC
ke,PART
tsela,N09
ya,CPOSS09
rona,PROPOSSPERS
ya,CPOSS09
ho,CN15
beha,V
leihlo,N05
tlhatlhobo,N09
.,ZE
,
Matona,N06
a,CS06
ikarabellang,V
bakeng,N07
sa,CPOSS07
sephetho,N07
se,CS07
itseng,V
",",ZM
a,CS06
tla,MORPHFUT
tekena,V
tumellano,N09
ya,CPOSS09
ho,CN15
fana,V
ka,PART
ditshebeletso,N10
e,CS09
tebileng,V
le,PART
Mopresidente,N01
.,ZE
,
E,CS09
tla,MORPHFUT
hlalosa,V
se,CS07
lokelang,VAUX
ho,CN15
etswa,V
",",ZM
hore,CONJ
se,CS07
etswe,V
jwang,QUE
",",ZM
ke,VCOP
mang,N01a
",",ZM
bakeng,N07
sa,CPOSS07
nako,N09
e,CS09
itseng,V
mme,CONJ
ho,CN15
sebediswa,V
mokgwa,N03
ofe,ENUM
wa,CPOSS03
ho,CN15
metha,V
le,PART
mehlodi,N04
.,ZE
,
Jwaloka,ADV
ha,CONJ
le,CSPERS
hlokomela,V
",",ZM
re,CSPERS
itlamme,V
ka,PART
dintlha,N10
tse,ADJC10
hlano,ADJ10
tse,CS10
ka,PART
sehlohlolong,N07
:,ZM
,
thuto,N09
",",ZM
bophelo,N14
bo,ADJC14
botle,ADJ14
",",ZM
ntshetsopele,N09
ya,CPOSS09
metse,N04
ya,CPOSS09
mahae,N06
le,PART
ntjhafatso,N09
ya,CPOSS09
naha,N09
",",ZM
tlhahiso,N09
ya,CPOSS09
mesebetsi,N04
e,CS09
itseng,V
tjha,IDEO
",",ZM
le,PART
twantsho,N09
ya,CPOSS09
botlokotsebe,N14
.,ZE
,
Ho,CN15
tlatseletsa,V
",",ZM
re,CSPERS
tla,MORPHFUT
sebetsa,V
ka,PART
matla,N06
ho,CN15
ntlafatsa,V
tshebetso,N09
e,CS09
tswileng,V
matsoho,N06
ya,CPOSS09
mmuso,N03
wa,CPOSS03
lehae,N05
",",ZM
ntshetsopele,N09
ya,CPOSS09
metheo,N04
ya,CPOSS09
setjhaba,N07
le,PART
bodulo,N14
ba,CPOSS14
batho,N02
.,ZE
,
Re,CSPERS
tla,MORPHFUT
itlama,V
ka,PART
ho,CN15
etsa,V
diketso,N10
tse,CS10
mmalwa,N03
tsa,CPOSS10
bohlokwa,N14
hore,CONJ
re,CSPERS
fihlelle,V
diphetho,N10
tsena,CD10
.,ZE
,
Re,CSPERS
beile,V
thuto,N09
le,PART
ntshetsopele,N09
ya,CPOSS09
bokgoni,N14
bohareng,N14
ba,CPOSS14
maano,N06
a,CPOSS06
mmuso,N03
ona,CD03
.,ZE
,
Lenaneong,N05
la,CPOSS05
rona,PROPOSSPERS
la,CPOSS05
2010,RV
",",ZM
re,CSPERS
batla,V
ho,CN15
ntlafatsa,V
bokgoni,N14
ba,CPOSS14
bana,N02
ba,CPOSS02
rona,PROPOSSPERS
ba,CPOSS14
ho,CN15
bala,V
",",ZM
ho,CN15
ngola,V
le,PART
ho,CN15
etsa,V
dipalo,N10
dilemong,N08
tsa,CPOSS08
motheo,N03
.,ZE
,
Ntle,NLOC
le,PART
hore,CONJ
re,CSPERS
etse,V
sena,CD07
",",ZM
re,CSPERS
ke,MNEG
ke,MNEG
ra,CSPERS
ntlafatsa,V
boleng,N14
ba,CPOSS14
thuto,N09
.,ZE
,
Maikemisetso,N06
a,CPOSS06
rona,PROPOSSPERS
ka,PART
thuto,N09
a,CS06
bonolo,N14
empa,CONJ
a,CS06
hlokolotsi,N09
.,ZE
,
Re,CSPERS
batla,V
barutwana,N02
le,PART
matitjhere,N06
ba,CS02
be,VCOP
sekolong,N07
",",ZM
ka,PART
phaposing,N09
",",ZM
ka,PART
nako,N09
",",ZM
ba,CS02
ithuta,V
le,PART
ho,CN15
rutwa,V
bakeng,N07
sa,CPOSS07
dihora,N10
tse,CS10
supileng,V
ka,PART
letsatsi,N05
.,ZE
,
Re,CSPERS
tla,MORPHFUT
thusa,V
matitjhere,N06
ka,PART
ho,CN15
ba,CO02
neha,V
boitokisetso,N14
ba,CPOSS14
letsatsi,N05
le,PART
letsatsi,N05
bo,CS14
tebileng,V
.,ZE
,
Bakeng,N07
sa,CPOSS07
barutwana,N02
",",ZM
re,CSPERS
tla,MORPHFUT
nehelana,V
ka,PART
dibuka,N10
tse,CS10
tla,MORPHFUT
sebediswang,V
ha,CONJ
bonolo,N14
ka,PART
dipuo,N10
tsohle,PROQUANT10
tse,ADJC10
11,RV
.,ZE
,
Ho,CN15
tloha,V
selemong,N07
sena,CD07
ho,CN15
ya,V
pele,NLOC
",",ZM
barutwana,N02
bohle,PROQUANT02
ba,CPOSS02
kereiti,N09
ya,CPOSS09
boraro,N14
",",ZM
ya,CPOSS09
botshelela,N14
le,PART
ya,CPOSS09
borobong,N14
ba,CS02
tla,MORPHFUT
ngola,V
dihlahlobo,N10
tsa,CPOSS10
litherasi,N09
le,PART
nyumerasi,N10
tse,CS10
lekotsweng,V
ka,PART
boikemelo,N14
.,ZE
,
Sepheo,N07
sa,CPOSS07
rona,PROPOSSPERS
ke,VCOP
ho,CN15
nyolla,V
sekgahla,N07
sa,CPOSS07
ho,CN15
pasa,V
bakeng,N07
sa,CPOSS07
ditlhatlhobo,N10
tsena,CD10
ho,CN15
tloha,V
palohareng,N09
ya,CPOSS09
hona,PROPOSSLOC
jwale,ADV
35%,RS
le,PART
tse,ADJC10
40%,RS
ho,CN15
ya,V
ho,PART
tse,ADJC10
60%,RS
ka,PART
2014,RV
.,ZE
,
Sephetho,N07
se,CS07
tla,MORPHFUT
romellwa,V
batswadi,N02
ho,CN15
lekola,V
tswelopele,N09
.,ZE
,
Ho,CN15
tlatseletsa,V
",",ZM
sekolo,N07
ka,PART
seng,N07
sa,CPOSS07
tse,ADJC10
27,RV
000,RV
tsa,CPOSS10
rona,PROPOSSPERS
di,CS10
tla,MORPHFUT
hlahlojwa,V
ke,PART
bahlanka,N02
ba,CS02
tswang,V
Lefapheng,N05
la,CPOSS05
Thuto,N09
ya,CPOSS09
Motheo,N03
.,ZE
,
Sena,CD07
se,CS07
tla,MORPHFUT
behwa,V
tlalehong,N09
e,CS09
ngotsweng,V
e,CS09
hlahlobehang,V
.,ZE
,
Re,CSPERS
rerile,V
ho,CN15
nyolla,V
palo,N09
ya,CPOSS09
barutwana,N02
ba,CPOSS02
materiki,N09
ba,CS02
lokelang,VAUX
ho,CN15
kena,V
yunivesithi,N09
ho,CN15
fihla,V
ho,PART
175,RV
000,RV
ka,PART
selemo,N07
ho,CN15
ya,V
ho,PART
selemo,N07
sa,CPOSS07
2014,RV
.,ZE
,
Re,CSPERS
kgothaletsa,V
batswadi,N02
ho,CN15
sebetsa,V
mmoho,ADV
le,PART
rona,PROEMPPERS
ho,CN15
atlehisa,V
morero,N03
ona,CD03
.,ZE
,
Re,CSPERS
amohela,V
peho,N09
ya,CPOSS09
kgwedi,N09
e,CS09
fetileng,V
e,CS09
entsweng,V
ke,PART
mekgatlo,N04
e,ADJC04
meraro,ADJ04
ya,CPOSS04
matitjhere,N06
",",ZM
NAPTOSA,RK
",",ZM
SADTU,RL
and,RV
SAOU,RL
",",ZM
ka,PART
ho,CN15
thatiselletsa,V
boitlamo,N14
ba,CPOSS14
bona,PROPOSS02
bakeng,N07
sa,CPOSS07
Letsholo,N05
la,CPOSS05
Boleng,N14
ba,CPOSS14
ho,CN15
Ithuta,V
le,PART
ho,CN15
Ruta,V
ho,CN15
tloha,V
qalong,N09
ya,CPOSS09
2010,RV
.,ZE
,
Ditho,N08
tse,CS08
hlomphehileng,V
",",ZM
,
Re,CSPERS
lokela,VAUX
ho,CN15
tsetela,V
batjheng,N02
ba,CPOSS02
rona,PROPOSSPERS
ho,CN15
netefatsa,V
hore,CONJ
re,CSPERS
na,VCOP
le,PART
lebotho,N05
le,CS05
rupelletsweng,V
le,PART
basebetsi,N02
ba,CS02
nang,VCOP
le,PART
bokgoni,N14
bakeng,N07
sa,CPOSS07
ho,CN15
tshehetsa,V
kgolo,N09
le,PART
tlhahiso,N09
ya,CPOSS09
mesebetsi,N04
.,ZE
,
Ha,CONJ
ho,CSINDEF
le,VCOP
jwalo,ADV
",",ZM
re,CSPERS
ikemiseditse,V
ho,CN15
nyolla,V
thupello,N09
ya,CPOSS09
ba,CS02
dilemong,N08
tse,ADJC08
16-25,RV
ditsing,N08
tsa,CPOSS08
thuto,N09
le,PART
thupello,N09
e,CS09
tswellang,V
.,ZE
,
Sena,CD07
se,CS07
tla,MORPHFUT
etsa,V
hore,CONJ
re,CSPERS
fane,V
ka,PART
monyetla,N03
wa,CPOSS03
bobedi,N14
thutong,N09
",",ZM
bakeng,N07
sa,CPOSS07
barutwana,N02
ba,CS02
sa,MORPHPROG
fihlellang,V
ho,CN15
kena,V
yunivesithi,N09
.,ZE
,
Re,CSPERS
sebetsa,V
le,PART
ditheo,N10
tsa,CPOSS10
thuto,N09
e,CS09
phahameng,V
ho,CN15
netefatsa,V
hore,CONJ
barutwana,N02
ba,CS02
lokelang,V
ba,CS02
fumana,V
thuso,N09
ya,CPOSS09
ditjhelete,N10
",",ZM
ka,PART
Sekema,N07
sa,CPOSS07
Setjhaba,N07
sa,CPOSS07
Thuso,N09
ya,CPOSS09
Baithuti,N02
ka,PART
Ditjhelete,N10
.,ZE
,
Re,CSPERS
bile,VCOP
re,CSPERS
ipehetse,V
dipheo,N08
bakeng,N07
sa,CPOSS07
ntshetsopele,N09
ya,CPOSS09
dithupello,N10
",",ZM
ho,CN15
hlahisa,V
dienjenere,N10
le,PART
boratekgeniki,N02b
ba,CPOSS14
tlatsetso,N09
",",ZM
le,PART
ho,CN15
eketsa,V
lenane,N05
la,CPOSS05
matitjhere,N06
a,CPOSS06
thuto,N09
ya,CPOSS09
dipalo,N10
le,PART
Saense,N09
.,ZE
,
Hapehape,ADV
re,CSPERS
loketse,VAUX
ho,CN15
phahamisa,V
lenane,N05
la,CPOSS05
batjha,N02
ba,CS02
kenelang,V
dithupelo,N10
tsa,CPOSS10
mosebetsi,N03
mafapheng,N06
a,CPOSS06
poraefete,N09
le,PART
a,CPOSS06
mmuso,N03
.,ZE
,
Sephetho,N07
se,ADJC07
seng,ADJ07
sa,CPOSS07
bohlokwa,N14
ke,VCOP
ho,CN15
netefatsa,V
bophelo,N14
bo,ADJC14
bolelele,ADJ14
le,PART
bo,ADJC14
botle,ADJ14
bakeng,N07
sa,CPOSS07
maAforika,NPP
Borwa,N14
kaofela,ADV
.,ZE
,
Re,CSPERS
tla,MORPHFUT
phehella,V
ho,CN15
ntlafatsa,V
mokgwa,N03
wa,CPOSS03
rona,PROPOSSPERS
wa,CPOSS03
tsa,CPOSS10
bophelo,N14
bo,ADJC14
botle,ADJ14
.,ZE
,
Sena,CD07
se,CS07
kenyeletsa,V
kaho,N09
le,PART
ntlafatso,N09
ya,CPOSS09
dipetlele,N08
le,PART
ditliliniki,N10
",",ZM
le,PART
ho,CN15
ntlafatsa,V
maemo,N06
a,CPOSS06
tshebetso,N09
a,CPOSS06
basebeletsi,N02
ba,CPOSS02
tsa,CPOSS10
bophelo,N14
.,ZE
,
Re,CSPERS
imatahantse,V
le,PART
Banka,N09
ya,CPOSS09
Ntshetsopele,N09
ya,CPOSS09
Aforika,NPP
e,CS09
Borwa,N14
ho,CN15
ntlafatsa,V
tshebetso,N09
ya,CPOSS09
dipetlele,N08
tsa,CPOSS08
setjhaba,N07
le,PART
diofisi,N10
tsa,CPOSS10
tsona,PROPOSS08
tsa,CPOSS10
ditereke,N08
.,ZE
,
Re,CSPERS
bile,VCOP
re,CSPERS
sebetsa,V
mmoho,ADV
le,PART
Banka,N09
ya,CPOSS09
Ntshetsopele,N09
ya,CPOSS09
Aforika,NPP
e,CS09
Borwa,N14
le,PART
Koporasi,N09
ya,CPOSS09
Ntshetsopele,N09
ya,CPOSS09
Diindaseteri,N10
",",ZM
lenaneong,N05
la,CPOSS05
mmuso,N03
la,CPOSS05
ho,CN15
matahanya,V
tshebedisano,N09
mahareng,N06
a,CPOSS06
mekgatlo,N04
ya,CPOSS04
poraefete,N09
le,PART
ya,CPOSS09
mmuso,N03
bakeng,N07
sa,CPOSS07
ho,CN15
ntlafatsa,V
dipetlele,N08
le,PART
phano,N09
ya,CPOSS09
ditjhelete,N10
bakeng,N07
sa,CPOSS07
diporojeke,N10
.,ZE
,
Ditho,N08
tse,CS08
hlomphehileng,V
",",ZM
,
Re,CSPERS
lokela,VAUX
ho,CN15
tobana,V
le,PART
nnete,N09
ya,CPOSS09
hore,CONJ
tebello,N09
ya,CPOSS09
nako,N09
ya,CPOSS09
ho,CN15
phela,V
ha,CONJ
masea,N06
a,CS06
hlahang,V
",",ZM
e,CS09
theohile,V
ho,CN15
tloha,V
dilemong,N08
tse,ADJC08
60,RV
ka,PART
1994,RV
ho,CN15
ya,V
ka,PART
tlasenyana,NLOC
ho,PART
dilemo,N08
tse,ADJC08
50,RV
kajeno,ADV
.,ZE
,
Ha,CONJ
ho,CSINDEF
le,VCOP
jwalo,ADV
re,CSPERS
etsa,V
boitshunyako,N14
ba,CPOSS14
ho,CN15
theola,V
sekgahla,N07
sa,CPOSS07
ho,CN15
shwa,V
ha,CPOSS15
bomme,N02b
ba,CPOSS02
masea,N06
ho,CN15
fokotsa,V
tshwaetso,N09
tse,ADJC10
ntjha,ADJ10
tsa,CPOSS10
HIV,RL
le,PART
ho,CN15
phekola,V
HIV,RK
le,PART
TB,N09
ka,PART
ho,CN15
phethahala,V
.,ZE
,
Re,CSPERS
tla,MORPHFUT
boela,V
re,CSPERS
fokotsa,V
ho,CN15
shwa,V
ha,CPOSS15
masea,N06
ka,PART
lenaneo,N05
le,PART
matla,N06
la,CPOSS05
kentelo,N09
.,ZE
,
Re,CSPERS
tla,MORPHFUT
tsoseletsa,V
mananeo,N06
a,CPOSS06
bophelo,N14
bo,ADJC14
botle,ADJ14
dikolong,N08
.,ZE
,
Re,CSPERS
tla,MORPHFUT
kenya,V
tshebetsong,N09
boitlamo,N14
bohle,PROQUANT14
bo,CS14
entsweng,V
ka,PART
Letsatsi,N05
la,CPOSS05
Lefatshe,N05
la,CPOSS05
AIDS,RK
tse,CS10
amanang,V
le,PART
mekgwa,N04
e,ADJC04
metjha,ADJ04
ya,CPOSS04
ho,CN15
thibela,V
HIV,RL
le,PART
ho,CN15
e,CO09
phekola,V
.,ZE
,
Mosebetsi,N03
o,CS03
matla,N06
o,CS03
se,VAUX
o,CS03
le,VCOP
motjheng,N03
bakeng,N07
sa,CPOSS07
ho,CN15
netefatsa,V
hore,CONJ
mosebetsi,N03
oo,CD03
o,CS03
nakong,N09
.,ZE
,
Re,CSPERS
tla,MORPHFUT
boela,V
re,CSPERS
tswela,V
pele,NLOC
ka,PART
boitokisetso,N14
ba,CPOSS14
ho,CN15
theha,V
tsela,N09
ya,CPOSS09
setjhaba,N07
ya,CPOSS09
inshorense,N09
ya,CPOSS09
bophelo,N14
bo,ADJC14
botle,ADJ14
.,ZE
,
MaAforika,NPP
Borwa,N14
a,CPOSS06
heso,PROPOSSPERS
",",ZM
,
Re,CSPERS
sebetsa,V
ka,PART
thata,ADV
ho,CN15
netefatsa,V
hore,CONJ
motho,N01
e,ADJC01
mong,ADJ01
le,PART
e,ADJC01
mong,ADJ01
a,CS01
ikutlwe,V
a,CS01
bolokehile,V
le,PART
hore,CONJ
o,CS01
bolokehile,V
ka,PART
hara,NLOC
Aforika,NPP
Borwa,N14
.,ZE
,
Re,CSPERS
tla,MORPHFUT
ntshetsapele,V
mosebetsi,N03
wa,CPOSS03
rona,PROPOSSPERS
wa,CPOSS03
ho,CN15
fokotsa,V
ditlolo,N10
tse,ADJC10
mpe,ADJ10
le,PART
tse,CS10
nang,VCOP
le,PART
merusu,N04
tsa,CPOSS10
molao,N03
",",ZM
le,PART
ho,CN15
netefatsa,V
hore,CONJ
tsela,N09
ya,CPOSS09
rona,PROPOSSPERS
ya,CPOSS09
toka,N09
e,CS09
sebetsa,V
ka,PART
ho,CN15
phethahala,V
.,ZE
,
Re,CSPERS
ntse,VAUX
re,CSPERS
kenya,V
tshebetsong,N09
meralo,N04
ya,CPOSS04
ho,CN15
eketsa,V
lenane,N05
la,CPOSS05
mapolesa,N06
a,CPOSS06
banna,N02
le,PART
basadi,N02
ka,PART
10%,RS
dilemong,N08
tse,ADJC08
tharo,ADJ08
tse,CS08
tlang,V
.,ZE
,
Re,CSPERS
hlwaile,V
ntwa,N09
kgahlanong,N09
le,PART
ho,CN15
nkelwa,V
dikoloi,N10
ha,CPOSSLOC
batho,N02
ka,PART
mahahapa,N06
",",ZM
tlatlapo,N09
ya,CPOSS09
ditsha,N10
tsa,CPOSS10
kgwebo,N09
le,PART
matlong,N06
",",ZM
mmoho,ADV
le,PART
ditlolo,N10
tsa,CPOSS10
molao,N03
tse,CS10
jwaloka,ADV
polao,N09
",",ZM
peto,N09
le,PART
ho,CN15
otlwa,V
",",ZM
e,CSNEUT
le,VCOP
tsona,PROEMP10
tse,CS10
ka,V
sehlohong,N07
.,ZE
,
Bohle,PROQUANT02
re,CSPERS
na,VCOP
le,PART
karolo,N09
eo,CD09
re,CSPERS
lokelang,VAUX
ho,CN15
e,CO09
bapala,V
.,ZE
,
Ha,PART
re,CSPERS
beng,VCOP
karolo,N09
ya,CPOSS09
diforamo,N10
tsa,CPOSS10
baahi,N02
tsa,CPOSS10
polokeho,N09
.,ZE
,
Ha,PART
re,CSPERS
tloheleng,V
ho,CN15
reka,V
thepa,N09
e,CS09
utswitsweng,V
.,ZE
,
Ka,PART
dinako,N10
tsohle,PROQUANT10
ha,PART
re,CSPERS
beng,VCOP
malala,N06
a,CS06
laotswe,V
ho,CN15
fana,V
ka,PART
tlhahiso,N09
leseding,N05
ya,CPOSS09
diketso,N10
tsa,CPOSS10
botlokotsebe,N14
sepoleseng,N07
.,ZE
,
Tshebedisano,N09
mmoho,ADV
etla,V
lwantsha,V
botlokotsebe,N14
.,ZE
,
Baheso,N02
le,PART
baeti,N02
ba,CS02
hlomphehang,V
",",ZM
,
mmuso,N03
wa,CPOSS03
lehae,N05
o,CS03
lokela,VAUX
ho,CN15
sebetsa,V
.,ZE
,
Bomasepala,N02b
ba,CS02
lokela,VAUX
ho,CN15
ntlafatsa,V
phano,N09
ya,CPOSS09
matlo,N06
",",ZM
metsi,N06
",",ZM
tlhweko,N09
",",ZM
motlakase,N03
",",ZM
taolo,N09
ya,CPOSS09
matlakala,N06
le,PART
ditsela,N10
.,ZE
,
Re,CSPERS
ile,VAUX
ra,CSPERS
tshwara,V
kopano,N09
le,PART
bomajoro,N14
le,PART
balaodi,N02
ba,CPOSS02
bomasepala,N02b
selemong,N07
se,CS07
fetileng,V
.,ZE
,
Sena,CD07
se,CS07
fane,V
ka,PART
lesedi,N05
la,CPOSS05
bohlokwa,N14
bakeng,N07
sa,CPOSS07
diphephetso,N10
tse,CS10
teng,NLOC
ka,PART
hara,NLOC
mmuso,N03
wa,CPOSS03
lehae,N05
.,ZE
,
Re,CSPERS
ile,VAUX
ra,CSPERS
boela,V
ra,CSPERS
etela,V
baahi,N02
le,PART
bomasepala,N02b
ba,CS02
fapaneng,V
",",ZM
ho,CN15
kenyeletsa,V
Balfour,NPP
e,CS09
Mpumalanga,NPP
le,PART
Thembisa,NPP
e,CS09
Gauteng,NPP
.,ZE
,
Kamora,NLOC
leeto,N05
la,CPOSS05
Balfour,NPP
",",ZM
re,CSPERS
ile,VAUX
ra,CSPERS
romela,V
moifo,N03
wa,CPOSS03
matona,N06
a,CS06
robong,ADJ06
ho,CN15
etela,V
tulo,N09
eo,CD09
ho,CN15
shebana,V
le,PART
dintlha,N10
tse,CS10
hlahisitsweng,V
ke,PART
baahi,N02
.,ZE
,
Dintlha,N10
tse,ADJC10
ngata,ADJ10
ho,CSINDEF
se,VAUX
ho,CSINDEF
mekamekanwe,V
le,PART
tsona,PROEMP10
.,ZE
,
Ke,CSPERS
laetse,V
matona,N06
ho,CN15
mekamekana,V
le,PART
ditaba,N10
tse,CS10
ntseng,VAUX
di,CS10
saletse,V
morao,NLOC
.,ZE
,
Re,CSPERS
sa,MORPHPROG
boela,V
re,CSPERS
phetha,V
hore,CONJ
ha,CONJ
hona,PROEMPLOC
dingongoreho,N10
tse,CS10
ka,MORPHPOT
etsang,V
hore,CONJ
batho,N02
ba,CS02
etse,V
merusu,N04
le,PART
ho,CN15
senya,V
thepa,N09
.,ZE
,
Re,CSPERS
laetse,V
makala,N06
a,CPOSS06
tsa,CPOSS10
molao,N03
hore,CONJ
a,CS06
lwantshe,V
ho,CN15
hloka,V
taolo,N09
ka,PART
matla,N06
Balfour,NPP
le,PART
ditulong,N10
tse,ADJC10
ding,ADJ10
.,ZE
,
Ka,PART
Tshitwe,N09
2009,RV
",",ZM
Kabinete,N09
e,CS09
dumellane,V
ka,PART
lewa,N05
la,CPOSS05
tshebetso,N09
bakeng,N07
sa,CPOSS07
mmuso,N03
wa,CPOSS03
lehae,N05
.,ZE
,
Sena,CD07
se,CS07
tla,MORPHFUT
netefatsa,V
hore,CONJ
mmuso,N03
wa,CPOSS03
lehae,N05
o,CS03
na,VCOP
le,PART
the,RV
bolaodi,N14
bo,ADJC14
hlwahlwa,ADJ14
",",ZM
bokgoni,N14
ba,CPOSS14
tsamaiso,N09
le,PART
ba,CPOSS14
botekginiki,N14
.,ZE
,
Selemong,N07
sena,CD07
sa,CPOSS07
tshebetso,N09
",",ZM
ha,PART
re,CSPERS
sebetseng,V
mmoho,ADV
ho,CN15
etsa,V
hore,CONJ
mmuso,N03
wa,CPOSS03
lehae,N05
e,CSNEUT
be,VCOP
boikarabelo,N14
ba,CPOSS14
rona,PROPOSSPERS
kaofela,ADV
.,ZE
,
Re,CSPERS
sebeletsa,V
ho,CN15
ntlafatsa,V
bodulo,N14
le,PART
ho,CN15
fana,V
ka,PART
ditshebeletso,N10
bathong,N02
ba,CPOSS02
mekhukhu,N04
e,CS04
dutseng,V
tulong,N10
tse,ADJC10
hantle,ADV
tse,ADJC10
hlwahlwa,ADJ10
le,PART
ho,CN15
fana,V
le,PART
ditokelo,N10
tsa,CPOSS10
naha,N09
ho,PART
bonyane,N14
matlo,N06
a,ADJC06
500,RV
000,RV
ka,PART
2014,RV
.,ZE
,
Re,CSPERS
rera,V
ho,CN15
behella,V
ka,PART
thoko,N09
dihektare,N10
tse,ADJC10
6,RV
000,RV
tsa,CPOSS10
Naha,N09
e,CS09
dutseng,V
hantle,ADV
bakeng,N07
sa,CPOSS07
ba,CS02
amohelang,V
meputso,N04
e,CS09
tlase,NLOC
le,PART
matlo,N06
a,CS06
kgonehang,V
.,ZE
,
Ntlafatso,N09
e,ADJC09
ntjha,ADJ09
ya,CPOSS09
bohlokwa,N14
e,CS09
tla,MORPHFUT
ba,VCOP
ho,CN15
kenyeletsa,V
batho,N02
bao,CD02
meputso,N04
ya,CPOSS04
bona,PROPOSS02
e,CS04
phahameng,V
haholo,ADV
ho,CN15
re,V
ba,CS02
ka,MORPHPOT
fumana,V
ditshehetso,N10
tsa,CPOSS10
mmuso,N03
",",ZM
empa,CONJ
ba,CS02
amohela,V
tjhelete,N09
e,CS09
tlase,NLOC
hore,CONJ
ba,CS02
ka,MORPHPOT
fumana,V
kadimo,N09
bankeng,N09
.,ZE
,
Re,CSPERS
kenya,V
mokgwa,N03
wa,CPOSS03
letlole,N05
la,CPOSS05
tiisetso,N09
la,CPOSS05
R1,RV
bilione,N09
ho,CN15
kgothaletsa,V
dibanka,N10
tsa,CPOSS10
poraefete,N09
le,PART
lekala,N05
la,CPOSS05
matlo,N06
",",ZM
ho,CN15
kgakola,V
dihlahiswa,N10
tse,ADJC10
ntjha,ADJ10
tse,CS10
tla,MORPHFUT
shebana,V
le,PART
tlhoko,N09
ya,CPOSS09
bodulo,N14
.,ZE
,
Baheso,N02
",",ZM
,
Selemong,N07
se,CS07
fetileng,V
re,CSPERS
itse,V
",",ZM
batho,N02
ba,CPOSS02
mahaeng,N06
le,PART
bona,PROEMP02
ba,CS02
na,VCOP
le,PART
tokelo,N09
ya,CPOSS09
ho,CN15
ba,VCOP
le,PART
motlakase,N03
",",ZM
metsi,N06
",",ZM
matlwana,N06
a,CS06
tsamaiswang,V
ka,PART
metsi,N06
le,PART
ditsela,N10
.,ZE
,
Ra,CSPERS
re,V
ba,CS02
tshwanetse,VAUX
ho,CN15
ba,VCOP
le,PART
ditsi,N08
tsa,CPOSS08
boikgathollo,N14
le,PART
dipapadi,N10
hammoho,ADV
le,PART
ditsi,N08
tsa,CPOSS08
mabenkele,N06
tse,CS10
jwaloka,ADV
tse,CS10
metsemeholong,N04
.,ZE
,
Tabeng,N09
ena,CD09
",",ZM
re,CSPERS
kgakotse,V
setsha,N07
sa,CPOSS07
pele,NLOC
sa,CPOSS07
teko,N09
sa,CPOSS07
Lenaneo,N05
le,PART
Phatlaletseng,V
la,CPOSS05
Ntshetsopele,N09
ya,CPOSS09
Mahae,N06
Giyani,NPP
",",ZM
Limpopo,NPP
",",ZM
ka,PART
Phato,N09
selemong,N07
se,CS07
fetileng,V
.,ZE
,
Ho,CN15
tloha,V
ka,PART
nako,N09
eo,CD09
",",ZM
matlo,N06
a,ADJC06
231,RV
a,CS06
ahilwe,V
.,ZE
,
Tswelopele,N09
e,CS09
se,VAUX
e,CS09
entswe,V
bakeng,N07
sa,CPOSS07
ho,CN15
fana,V
ka,PART
motheo,N03
wa,CPOSS03
setjhaba,N07
ho,CN15
tshehetsa,V
ntshetsopele,N09
ya,CPOSS09
temo,N09
",",ZM
le,PART
kwetliso,N09
bakeng,N07
sa,CPOSS07
baahi,N02
.,ZE
,
Phumantsho,N09
ya,CPOSS09
ditsha,N08
tsa,CPOSS08
bophelo,N14
bo,ADJC14
botle,ADJ14
le,PART
thuto,N09
di,CS10
ntlafetse,V
.,ZE
,
Re,CSPERS
kenya,V
tshebetsong,N09
mananeo,N06
a,CS06
tshwanang,V
le,PART
lena,CD05
ditsheng,N08
tse,CS08
supileng,V
ho,CN15
phatlalla,V
le,PART
naha,N09
",",ZM
mme,CONJ
di,CS10
tswela,V
molemo,N03
diwate,N10
tse,ADJC10
21,RV
.,ZE
,
Ka,PART
2014,RV
",",ZM
re,CSPERS
ikemiseditse,V
ho,CN15
ba,VCOP
le,PART
ditsha,N08
diwateng,N10
tse,ADJC08
160,RV
.,ZE
,
Re,CSPERS
batla,V
hore,CONJ
60%,RS
ya,CPOSS09
malapa,N06
ditsheng,N08
tsena,CD08
di,CS08
kgone,VAUX
ho,CN15
mekamekana,V
le,PART
ditlhoko,N10
tsa,CPOSS10
dijo,N08
ho,CN15
tswa,V
tlhahisong,N09
eo,CD09
ba,CS02
iketseditseng,V
yona,PROEMP09
ka,PART
2014,RV
.,ZE
,
Hanyane,ADV
hanyane,ADV
ho,CSINDEF
tla,MORPHFUT
loka,V
",",ZM
hantlentle,ADV
baheso,N02
",",ZM
ho,CN15
thwe,V
dintho,N10
tse,ADJC10
kgolo,ADJ10
di,CS10
qala,V
hanyane,ADV
.,ZE
,
Re,CSPERS
boetse,V
re,CSPERS
hloka,V
ho,CN15
kopanya,V
betere,ADV
ntlafatso,N09
ya,CPOSS09
lefatshe,N05
le,PART
mananeo,N06
a,CPOSS06
tshehetso,N09
ya,CPOSS09
temo,N09
.,ZE
,
Katleho,N09
ya,CPOSS09
rona,PROPOSSPERS
tabeng,N09
ena,CD09
e,CS09
tla,MORPHFUT
methwa,V
ka,PART
keketseho,N09
ya,CPOSS09
lenane,N05
la,CPOSS05
borapolasi,N02b
ba,ADJC02
banyenyane,ADJ02
ba,CS02
atlehang,V
moruong,N03
.,ZE
,
Sepikara,N07
se,CS07
hlomphehileng,V
le,PART
Modulasetulo,N01
wa,CPOSS01
NCOP,RL
",",ZM
,
Ha,PART
re,CSPERS
naha,N09
e,CS09
ruileng,V
ka,PART
metsi,N06
.,ZE
,
Empa,CONJ
",",ZM
re,CSPERS
ntse,VAUX
re,CSPERS
lahlehelwa,V
ke,PART
metsi,N06
a,ADJC06
mangata,ADJ06
ka,PART
dipeipi,N10
tse,CS10
dutlang,V
le,PART
motheo,N03
wa,CPOSS03
setjhaba,N07
o,CS03
sa,MORPHPROG
tsepamang,V
.,ZE
,
Re,CSPERS
tla,MORPHFUT
tla,V
ka,PART
mekgwa,N04
ya,CPOSS04
ho,CN15
fokotsa,V
tahlehelo,N09
ya,CPOSS09
metsi,N06
ka,PART
halofo,N09
ka,PART
2014,RV
.,ZE
,
Ditho,N08
tse,CS08
hlomphehileng,V
",",ZM
,
Jwaloka,ADV
ka,PART
karolo,N09
ya,CPOSS09
rona,PROPOSSPERS
ya,CPOSS09
ho,CN15
etsa,V
mekutu,N04
ya,CPOSS04
ho,CN15
kgothaletsa,V
kgolo,N09
e,CS09
matla,N06
ya,CPOSS09
moruo,N03
",",ZM
re,CSPERS
shebile,V
ho,CN15
fokotsa,V
ditjeho,N10
tsa,CPOSS10
ho,CN15
hokahana,V
.,ZE
,
Setjhaba,N07
sa,CPOSS07
maAforika,NPP
Borwa,N14
se,CS07
ka,MORPHPOT
labella,V
phokotso,N09
e,ADJC09
nngwe,ADJ09
e,CS09
phatlaletseng,V
ya,CPOSS09
sekgahla,N07
sa,CPOSS07
ditjeho,N10
tsa,CPOSS10
",",ZM
diselefouno,N10
",",ZM
mehala,N04
ya,CPOSS04
ka,PART
malapeng,N06
le,PART
ya,CPOSS04
setjhaba,N07
.,ZE
,
Re,CSPERS
sebeletsa,V
ho,CN15
eketsa,V
lebelo,N05
la,CPOSS05
dikgokahanyo,N10
tse,CS10
phatlaletseng,V
le,PART
ho,CN15
netefatsa,V
maemo,N06
a,CPOSS06
hodimo,NLOC
a,CPOSS06
tshebeletso,N09
a,CPOSS06
inthanete,N09
",",ZM
re,CSPERS
ipapisitse,V
le,PART
maemo,N06
a,CPOSS06
matjhaba,N06
.,ZE
,
MaAforika,NPP
Borwa,N14
a,CPOSS06
heso,PROPOSSPERS
",",ZM
,
Mmuso,N03
ona,CD03
o,CS03
tla,MORPHFUT
netefatsa,V
hore,CONJ
thepa,N09
ya,CPOSS09
rona,PROPOSSPERS
ya,CPOSS09
tikoloho,N09
le,PART
mehlodi,N04
ya,CPOSS04
tlhaho,N09
di,CS10
tshireleditswe,V
hantle,ADV
",",ZM
mme,CONJ
di,CS10
dula,V
di,CS10
ntlafatswa,V
.,ZE
,
Rona,PROEMPPERS
mmoho,ADV
le,PART
Brazil,NPP
",",ZM
India,NPP
le,PART
China,NPP
",",ZM
mmoho,ADV
le,PART
United,NPP
States,NPP
",",ZM
e,CS09
emetse,V
dinaha,N10
tsa,CPOSS10
lefatshe,N05
tse,CS10
tswetseng,V
pele,NLOC
",",ZM
re,CSPERS
kentse,V
letsoho,N05
tumellanong,N09
e,CS09
ananetsweng,V
Kopanong,N09
ya,CPOSS09
ho,CN15
Fetofetoha,V
ha,CONJ
Tlelaemete,N09
ya,CPOSS09
Copenhagen,NPP
ka,PART
Tshitwe,N09
selemong,N07
se,CS07
fetileng,V
.,ZE
,
Le,PART
ha,CONJ
e,CSNEUT
sa,MORPHPROG
tsamaya,V
ka,PART
tsela,N09
eo,CD09
re,CSPERS
ne,VAUX
re,CSPERS
rata,V
ka,PART
yona,PROEMP09
",",ZM
ke,VCOP
mohato,N03
wa,CPOSS03
bohlokwa,N14
ho,CN15
ya,V
pele,NLOC
hobane,CONJ
e,CS09
tlama,V
dinaha,N10
tsohle,PROQUANT10
ho,CN15
arabela,V
tabeng,N09
ya,CPOSS09
ho,CN15
fetofetoha,V
ha,CPOSS15
tlelaemete,N09
.,ZE
,
Re,CSPERS
tla,MORPHFUT
sebetsa,V
ka,PART
matla,N06
le,PART
bomphato,N02b
ba,CPOSS02
rona,PROPOSSPERS
ba,CPOSS02
matjhabeng,N06
bakeng,N07
sa,CPOSS07
tumellano,N09
e,CS09
re,COPERS
tlamang,V
bohle,PROQUANT02
ka,PART
molao,N03
.,ZE
,
Jwaloka,ADV
Aforika,NPP
Borwa,N14
",",ZM
re,CSPERS
itlamme,V
ka,PART
boithaopi,N14
ho,CN15
fihlella,V
dintlha,N10
tse,CS10
itseng,V
tse,CS10
tobaneng,V
le,PART
ho,CN15
ntshwa,V
ha,CPOSSLOC
mosi,N03
",",ZM
mme,CONJ
re,CSPERS
tla,MORPHFUT
tswela,V
pele,NLOC
ka,PART
mawala,N06
a,CPOSS06
rona,PROPOSSPERS
a,CPOSS06
nako,N09
e,ADJC09
telele,ADJ09
a,CPOSS06
ho,CN15
lwantsha,V
ho,CN15
fetofetoha,V
ha,CPOSS15
tlelaemete,N09
.,ZE
,
Ditho,N08
tse,ADJC08
hlomphehileng,V
",",ZM
,
Re,CSPERS
tla,MORPHFUT
matlafatsa,V
mekutu,N04
ya,CPOSS04
rona,PROPOSSPERS
ya,CPOSS04
ho,CN15
tlo,V
ntshetsa,V
pele,NLOC
ditabatabelo,N10
tsa,CPOSS10
Aforika,NPP
Borwa,N14
lefatsheng,N05
ka,PART
bophara,N14
.,ZE
,
Re,CSPERS
tla,MORPHFUT
tshehetsa,V
mekutu,N04
ya,CPOSS04
ho,CN15
potlakisa,V
kgokahanyo,N09
ya,CPOSS09
dipolotiki,N10
le,PART
ikonomi,N09
ya,CPOSS09
lebatowa,N05
la,CPOSS05
SADC,RL
",",ZM
le,PART
ho,CN15
ntshetsa,V
pele,NLOC
kgwebo,N09
le,PART
matsete,N06
a,CPOSS06
kopanelo,N09
ka,PART
lebatowa,N05
.,ZE
,
Aforika,NPP
Borwa,N14
e,CS09
tswela,V
pele,NLOC
ho,CN15
bapala,V
karolo,N09
ya,CPOSS09
boetapele,N14
mekutung,N04
ya,CPOSS04
kontinente,N09
ya,CPOSS04
ho,CN15
matlafatsa,V
Kopano,N09
ya,CPOSS09
Aforika,NPP
le,PART
dikarolo,N10
tsa,CPOSS10
yona,PROEMP09
",",ZM
le,PART
ho,CN15
sebeletsa,V
bonngwe,N14
.,ZE
,
Re,CSPERS
tla,MORPHFUT
tsepamisa,V
matla,N06
a,CPOSS06
rona,PROPOSSPERS
bakeng,N07
sa,CPOSS07
ho,CN15
tsoseletsa,V
Selekane,N07
se,ADJC07
Setjha,ADJ07
Bakeng,N07
sa,CPOSS07
Ntshetsopeleng,N09
ya,CPOSS09
Aforika,NPP
",",ZM
e,CS09
le,VCOP
leano,N05
bakeng,N07
sa,CPOSS07
ntshetsopele,N09
ya,CPOSS09
moruo,N03
ka,PART
hara,NLOC
kontinente,N09
.,ZE
,
MaAforika,NPP
Borwa,N14
a,CPOSS06
heso,PROPOSSPERS
",",ZM
,
Tshebeletso,N09
ya,CPOSS09
Setjhaba,N07
e,CS09
lokela,VAUX
ho,CN15
arabela,V
kgoeletso,N09
ya,CPOSS09
ho,CN15
etsa,V
sehla,N07
sena,CD07
sa,CPOSS07
tshebetso,N09
e,CS09
potlakileng,V
le,PART
tshebetso,N09
e,CS09
ntlafetseng,V
ya,CPOSS09
mmuso,N03
.,ZE
,
Re,CSPERS
batla,V
tshebetso,N09
e,CS09
tswileng,V
matsoho,N06
le,PART
ho,CN15
sebetsa,V
ka,PART
thata,ADV
.,ZE
,
Re,CSPERS
hloka,V
basebeletsi,N02
ba,CPOSS02
setjhaba,N07
ba,CS02
itetseng,V
",",ZM
ba,CS02
nang,VCOP
le,PART
bokgoni,N14
le,PART
ba,CS02
kgathallang,V
ditlhoko,N10
tsa,CPOSS10
baahi,N02
.,ZE
,
Mmuso,N03
o,CS03
se,VAUX
o,CS03
sebetsana,V
le,PART
ntshetsopele,N09
le,PART
ho,CN15
kenya,V
tshebetsong,N09
lenaneo,N05
la,CPOSS05
ntshetsopele,N09
ya,CPOSS09
tshebeletso,N09
ya,CPOSS09
setjhaba,N07
",",ZM
le,CS05
tla,MORPHFUT
beha,V
leihlo,N05
boitshwaro,N14
le,PART
maemo,N06
bakeng,N07
sa,CPOSS07
basebeletsi,N02
ba,CPOSS02
setjhaba,N07
mafapheng,N06
ohle,PROQUANT06
.,ZE
,
Ditho,N08
tse,CS08
hlomphehileng,V
",",ZM
,
Re,CSPERS
tswela,V
pele,NLOC
ka,PART
mekutu,N04
ya,CPOSS04
rona,PROPOSSPERS
ya,CPOSS04
ho,CN15
fedisa,V
bobodu,N14
le,PART
boqhekanyetsi,N14
ha,CONJ
ho,CSINDEF
rekwa,V
thepa,N09
ya,CPOSS09
mmuso,N03
le,PART
phano,N09
ya,CPOSS09
dithendara,N10
",",ZM
le,PART
dikopong,N10
tsa,CPOSS10
mangolo,N06
a,CPOSS06
ho,CN15
kganna,V
",",ZM
ditjhelete,N10
tsa,CPOSS10
dithuso,N10
ya,CPOSS04
setjhaba,N07
le,PART
mangolo,N06
a,CPOSS06
boitsebiso,N14
",",ZM
hara,NLOC
tse,ADJC10
ding,ADJ10
.,ZE
,
Re,CSPERS
thabetse,V
tswelopele,N09
eo,CD09
mmuso,N03
o,CS03
e,CO09
etsang,V
dibakeng,N08
tse,ADJC08
ding,ADJ08
.,ZE
,
Bekeng,N09
ena,CD09
",",ZM
re,CSPERS
fedisitse,V
ditefello,N10
tse,ADJC10
32,RV
687,RV
tsa,CPOSS10
boqhekanyetsi,N14
ba,CPOSS14
ditjhelete,N10
tsa,CPOSS10
dithuso,N10
tsa,CPOSS10
setjhaba,N07
",",ZM
tse,CS10
etsang,V
dimilione,N10
tse,ADJC10
R180,RV
.,ZE
,
Komiti,N09
ya,CPOSS09
rona,PROPOSSPERS
ya,CPOSS09
Kopanelo,N09
ya,CPOSS09
Matona,N06
bakeng,N07
sa,CPOSS07
Bobodu,N14
e,CS09
batlana,V
le,PART
ditsela,N10
tsa,CPOSS10
ho,CN15
hlola,V
bobodu,N14
ka,PART
ho,CN15
phethahala,V
.,ZE
,
Ha,CONJ
re,CSPERS
sebetsa,V
mmoho,ADV
",",ZM
re,CSPERS
ka,MORPHPOT
etsa,V
haholwanyane,ADV
.,ZE
,
Baheso,N02
",",ZM
,
Jwaloka,ADV
ha,CONJ
le,CSPERS
hlokomela,V
",",ZM
re,CSPERS
butse,V
Mohala,N03
o,CS03
Kgethehileng,V
wa,CPOSS03
Mopresidente,N01
ho,CN15
etsa,V
hore,CONJ
setjhaba,N07
se,CS07
fihlella,V
Ofisi,N09
ya,CPOSS09
Mopresidente,N01
habonolo,ADV
",",ZM
le,PART
ho,CN15
thusa,V
ho,CN15
tlosa,V
dithibelo,N10
tsa,CPOSS10
phano,N09
ya,CPOSS09
ditshebeletso,N10
.,ZE
,
Mohala,N03
o,CS03
kgethehileng,V
o,CS03
bontsha,V
maikemisetso,N06
a,CPOSS06
mmuso,N03
ho,CN15
etsa,V
dintho,N10
ka,PART
tsela,N09
e,CS09
fapaneng,V
.,ZE
,
O,CSPERS
entse,V
phapang,N09
maphelong,N06
a,CPOSS06
maAforika,NPP
Borwa,N14
a,ADJC06
mangata,ADJ06
.,ZE
,
Re,CSPERS
ka,PART
qolla,V
mofumahadi,N01
Buziwe,N01a
Ngaleka,N01a
wa,CPOSS01
Mount,NPP
Frere,NPP
",",ZM
eo,CD01
mohala,N03
wa,CPOSS03
hae,PROPOSSPERS
e,CSNEUT
bileng,VCOP
wa,CPOSS03
pele,NLOC
tshebeletsong,N09
ena,CD09
mabapi,ADV
le,PART
pentjhene,N09
ya,CPOSS09
mofu,N01
monna,N01
wa,CPOSS01
hae,PROPOSSPERS
.,ZE
,
O,CSPERS
teng,NLOC
hara,NLOC
rona,PROPOSSPERS
bosiung,N14
bona,CD14
.,ZE
,
Hara,NLOC
rona,PROPOSSPERS
re,CSPERS
boetse,V
re,CSPERS
na,VCOP
le,PART
Monghadi,N01a
Nkululeko,N01a
Cele,N01a
",",ZM
ya,CS01
ileng,VAUX
a,CS01
thuswa,V
ho,CN15
fumana,V
mangolo,N06
a,CPOSS06
boitsebiso,N14
",",ZM
a,CS06
mo,CO01
thusitseng,V
ho,CN15
ingodisa,V
Yunivesithing,N09
ya,CPOSS09
Thekenoloji,N09
ya,CPOSS09
Tshwane,NPP
.,ZE
,
Tsena,CD10
ke,VCOP
dipale,N10
tse,ADJC10
pedi,ADJ10
feela,ADV
tsa,CPOSS10
katleho,N09
ya,CPOSS09
rona,PROPOSSPERS
.,ZE
,
Ka,PART
dintlha,N10
le,PART
mehlala,N04
e,ADJC04
meng,ADJ04
",",ZM
re,CSPERS
hlwaya,V
bofokodi,N14
bo,CS14
lokelang,VAUX
ho,CN15
lokiswa,V
ke,PART
mafapha,N06
a,CS06
fapaneng,V
a,CPOSS06
mmuso,N03
.,ZE
,
Ka,PART
thuso,N09
ya,CPOSS09
Sepikara,N07
",",ZM
re,CSPERS
memme,V
boemedi,N14
ba,CPOSS14
mekga,N04
e,ADJC04
mengata,ADJ04
ho,CN15
tswa,V
Palamenteng,N09
ho,CN15
etela,V
setsha,N07
sa,CPOSS07
rona,PROPOSSPERS
sa,CPOSS07
mehala,N04
",",ZM
hore,CONJ
Maloko,N06
a,CPOSS06
Palamente,N09
a,CS06
iponele,V
ka,PART
mahlo,N06
mosebetsi,N03
o,CS03
etswang,V
.,ZE
,
Baheso,N02
le,PART
metswalle,N04
",",ZM
,
Ke,CSPERS
nehelane,V
ka,PART
dintlha,N10
tse,CS10
ka,PART
sehlohlolong,N07
tsa,CPOSS10
meralo,N04
ya,CPOSS04
rona,PROPOSSPERS
bakeng,N07
sa,CPOSS07
2010,RV
",",ZM
boitlamo,N14
ba,CPOSS14
rona,PROPOSSPERS
ba,CPOSS14
kopanelo,N09
jwaloka,ADV
mmuso,N03
ho,PART
batho,N02
ba,CPOSS02
Aforika,NPP
Borwa,N14
.,ZE
,
Puo,N09
ya,CPOSS09
Maemo,N06
a,CPOSS06
Setjhaba,N07
e,CS09
fana,V
ka,PART
kakaretso,N09
e,CS09
phatlaletseng,V
ya,CPOSS09
moralo,N03
wa,CPOSS03
rona,PROPOSSPERS
wa,CPOSS03
tshebetso,N09
.,ZE
,
Matona,N06
a,CS06
tla,MORPHFUT
nehelana,V
ka,PART
dintlha,N10
ka,PART
botebo,N14
dipuong,N10
tsa,CPOSS10
ona,PROPOSS06
tsa,CPOSS10
Kgetho,N09
ya,CPOSS09
Ditekanyetso,N10
tse,CS10
fapaneng,V
.,ZE
,
Ditho,N08
tse,CS08
hlomphehileng,V
",",ZM
maAforika,NPP
Borwa,N14
a,CPOSS06
heso,PROPOSSPERS
",",ZM
,
ka,PART
Pudungwana,N09
selemong,N07
sena,CD07
",",ZM
re,CSPERS
tla,MORPHFUT
tshwaya,V
sehopotso,N07
sa,CPOSS07
dilemo,N08
tse,ADJC08
150,RV
tsa,CPOSS08
ho,CN15
fihla,V
ha,CPOSSLOC
maIndia,N06
Aforika,NPP
Borwa,N14
.,ZE
,
Sena,CD07
se,CS07
fana,V
ka,PART
monyetla,N03
wa,CPOSS03
ho,CN15
ananela,V
nyehelo,N09
ya,CPOSS09
bohlokwa,N14
ya,CPOSS09
setjhaba,N07
sa,CPOSS07
maIndia,N06
mafapheng,N06
a,CPOSS06
basebetsi,N02
",",ZM
kgwebo,N09
",",ZM
saense,N09
",",ZM
dipapadi,N10
",",ZM
tumelo,N09
",",ZM
bonono,N14
",",ZM
botjhaba,N14
le,PART
phihlello,N09
le,PART
tiiisetso,N09
ya,CPOSS09
demokerasi,N09
ya,CPOSS09
rona,PROPOSSPERS
.,ZE
,
Baheso,N02
le,PART
metswalle,N04
",",ZM
,
Ha,PART
ke,CSPERS
nke,V
monyetla,N03
ona,CD03
hore,CONJ
hapehape,ADV
re,CSPERS
fetisetse,V
matshediso,N06
a,CS06
tswang,V
botebong,N14
ba,CPOSS14
dipelo,N10
tsa,CPOSS10
rona,PROPOSSPERS
ho,PART
mmuso,N03
le,PART
batho,N02
ba,CPOSS02
Haiti,NPP
ka,PART
koduwa,N09
e,ADJC09
kgolo,ADJ09
e,CS09
ba,CO02
wetseng,V
.,ZE
,
Re,CSPERS
thabile,V
haholo,ADV
hore,CONJ
meifo,N04
ya,CPOSS04
rona,PROPOSSPERS
ya,CPOSS04
pholoso,N09
e,CS04
kgonne,V
ho,CN15
ya,V
thusa,V
.,ZE
,
Ke,CSPERS
lakatsa,VAUX
ho,CN15
ananela,V
ka,PART
ho,CN15
ikgetha,V
moAforika,NPP
Borwa,N14
a,CS06
sa,MNEG
keng,V
a,CS06
hloleha,VAUX
ho,CN15
thusa,V
nakong,N09
tsa,CPOSS10
dikoduwa,N10
",",ZM
le,PART
ho,CN15
re,COPERS
thusa,VAUX
ho,CN15
ntshetsapele,V
pono,N09
ya,CPOSS09
setjhaba,N07
se,CS07
kgathallang,V
.,ZE
,
Re,CSPERS
amohela,V
Ngaka,N09
Imtiaz,N01a
Sooliman,N01a
wa,CPOSS01
Gift,RV
of,RV
the,RV
Givers,RV
ka,PART
hara,NLOC
ntlo,N09
ena,CD09
kajeno,ADV
.,ZE
,
MaAforika,NPP
borwa,N14
a,CPOSS06
heso,PROPOSSPERS
",",ZM
,
Ho,CN15
tshwara,V
dipapadi,N10
tsa,CPOSS10
Mohope,N03
wa,CPOSS03
Lefatshe,N05
wa,CPOSS03
FIFA,RK
ho,CN15
etsa,V
selemo,N07
sa,CPOSS07
2010,RV
e,CSNEUT
be,VCOP
sa,CPOSS07
tshebetso,N09
e,CS09
le,VCOP
ka,PART
nnete,N09
.,ZE
,
Re,CSPERS
dutse,V
dilemo,N08
tse,ADJC08
telele,ADJ08
re,CSPERS
rera,V
bakeng,N07
sa,CPOSS07
Mohope,N03
ona,CD03
wa,CPOSS03
Lefatshe,N05
.,ZE
,
Re,CSPERS
setse,V
feela,ADV
ka,PART
dikgwedi,N10
tse,ADJC10
tharo,ADJ10
.,ZE
,
Mme,CONJ
re,CSPERS
ikemiseditse,VAUX
ho,CN15
atleha,V
.,ZE
,
Motheo,N03
wa,CPOSS03
setjhaba,N07
",",ZM
tshireletso,N09
le,PART
ditlhophiso,N10
di,CCOP10
motjheng,N03
bakeng,N07
sa,CPOSS07
ho,CN15
netefatsa,V
thonamente,N09
e,CS09
atlehileng,V
.,ZE
,
Jwaloka,ADV
setjhaba,N07
",",ZM
re,CSPERS
lokela,VAUX
ho,CN15
isa,V
diteboho,N10
ho,PART
Komiti,N09
ya,CPOSS09
Lehae,N05
e,CS09
Hlophisang,V
2010,RV
bakeng,N07
sa,CPOSS07
mekutu,N04
ya,CPOSS04
bona,PROPOSS02
e,CS04
babatsehang,V
.,ZE
,
Re,CSPERS
lakaletsa,V
Modulasetulo,N01
wa,CPOSS01
LOC,RL
",",ZM
Irvin,N01a
Khoza,N01a
",",ZM
CEO,RL
Danny,N01a
Jordaan,N01a
le,PART
mokwetlisi,N01
wa,CPOSS01
Bafana,N02b
Bafana,N02b
",",ZM
Carlos,N01a
Alberto,N01a
Parreira,N01a
",",ZM
tsohle,PROQUANT10
tse,CS10
molemo,N03
bakeng,N07
sa,CPOSS07
dikgwedi,N10
tse,CS10
tlang,V
.,ZE
,
Mopresidente,N01
Mandela,N01a
o,CS01
ne,VAUX
a,CS01
le,VCOP
bohareng,N14
ba,CPOSS14
ho,CN15
thusa,V
naha,N09
ho,CN15
hlola,V
ditokelo,N10
tsa,CPOSS10
ho,CN15
tshwara,V
morero,N03
ona,CD03
o,ADJC03
moholo,ADJ03
.,ZE
,
Ha,CONJ
ho,CSINDEF
le,VCOP
jwalo,ADV
re,CSPERS
lokela,VAUX
ho,CN15
etsa,V
Mohope,N03
wa,CPOSS03
Lefatshe,N05
katleho,N09
e,ADJC09
kgolo,ADJ09
bakeng,N07
sa,CPOSS07
ho,CN15
mo,CO01
hlompha,V
.,ZE
,
Baheso,N02
",",ZM
ha,PART
re,CSPERS
boeleng,V
re,CSPERS
tshehetse,V
sehlopha,N07
sa,CPOSS07
naha,N09
Bafana,N02b
Bafana,N02b
.,ZE
,
Ke,VCOP
e,ADJC01
mong,ADJ01
wa,CPOSS01
ba,CS02
kgolwang,V
hore,CONJ
Bafana,N02b
Bafana,N02b
ba,CS02
tla,MORPHFUT
etsa,V
dimakatso,N10
.,ZE
,
Seo,CD07
e,CSNEUT
leng,VCOP
sa,CPOSS07
bohlokwa,N14
",",ZM
tekete,N09
letsohong,N05
baheso,N02
!,ZE
,
Bohle,PROQUANT02
ha,PART
re,CSPERS
rekeng,V
ditekete,N10
ka,PART
nako,N09
hore,CONJ
re,CSPERS
tsebe,V
ho,CN15
ya,V
dipapading,N10
.,ZE
,
MaAforika,NPP
Borwa,N14
a,CPOSS06
heso,PROPOSSPERS
",",ZM
,
Jwaloka,ADV
ha,CONJ
re,CSPERS
keteka,V
tokoloho,N09
ya,CPOSS09
Madiba,N01a
kajeno,ADV
",",ZM
re,CSPERS
itlama,V
botjha,N14
bakeng,N07
sa,CPOSS07
poelano,N09
",",ZM
bonngwe,N14
ba,CPOSS14
setjhaba,N07
",",ZM
ho,CN15
se,MNEG
kgetholle,V
ka,PART
morabe,N03
le,PART
ho,CN15
aha,V
a,CPOSS06
bokamoso,N14
bo,ADJC14
betere,ADJ14
mmoho,ADV
jwaloka,ADV
maAforika,NPP
Borwa,N14
",",ZM
ba,ADJC02
batsho,ADJ02
le,PART
ba,ADJC02
basweu,ADJ02
.,ZE
,
Re,CSPERS
tataiswa,V
ke,PART
se,CS07
buuweng,V
ke,PART
Madiba,N01a
kgotla,N09
",",ZM
mme,CONJ
ke,CSPERS
a,MORPHPRES
qotsa,V
:,ZM
,
"""",ZPL
Bophelong,N14
ba,CPOSS14
ka,PROPOSSPERS
ke,CSPERS
iteletse,V
ho,CN15
lwana,V
bakeng,N07
sa,CPOSS07
batho,N02
ba,CPOSS02
maAforika,NPP
.,ZE
,
Ke,CSPERS
lwanne,V
kgahlanong,N09
le,PART
kgatello,N09
ya,CPOSS09
ba,ADJC02
basweu,ADJ02
",",ZM
le,PART
ho,CN15
lwana,V
kgahlanong,N09
le,PART
kgatello,N09
ya,CPOSS09
batho,N02
ba,ADJC02
batsho,ADJ02
.,ZE
,
"""",ZPL
E,CSNEUT
sa,MORPHPROG
le,VCOP
ke,CSPERS
na,VCOP
le,PART
toro,N09
ya,CPOSS09
setjhaba,N07
sa,CPOSS07
demokerasi,N09
le,PART
se,CS07
lokolohileng,V
",",ZM
moo,CD18
batho,N02
bohle,PROQUANT02
ba,CS02
phelang,V
mmoho,ADV
ka,PART
kutlwano,N09
",",ZM
le,PART
ka,PART
menyetla,N04
e,CS04
lekanang,V
.,ZE
,
Ke,VCOP
toro,N09
eo,CD09
ke,CSPERS
lakatsang,V
ho,CN15
iphelela,V
",",ZM
le,PART
ho,CN15
e,CO09
fihlella,V
.,ZE
,
"""",ZPL
Empa,CONJ
ha,CONJ
ho,CSINDEF
hlokeha,V
",",ZM
ke,VCOP
toro,N09
eo,CD09
ke,CSPERS
ikemiseditseng,V
ho,CN15
shwa,V
bakeng,N07
sa,CPOSS07
yona,PROEMP09
"""",ZPL
.,ZE
,
Ka,PART
lebaka,N05
la,CPOSS05
ho,CN15
kgothaletswa,V
ke,PART
Madiba,N01a
",",ZM
ke,VCOP
tlhompho,N09
ho,PART
nna,PROEMPPERS
ho,CN15
etsa,V
puo,N09
ena,CD09
e,CS09
mabapi,ADV
le,PART
Maemo,N06
a,CPOSS06
Setjhaba,N07
ya,CPOSS09
2010,RV
ho,CN15
hopola,V
bahale,N02
le,PART
bahalehatsana,N02
ba,CPOSS02
rona,PROPOSSPERS
",",ZM
ba,CS02
roriswang,V
le,PART
ba,CS02
sa,MNEG
rorisweng,V
",",ZM
ba,CS02
tsejwang,V
le,PART
ba,CS02
sa,MNEG
tsejweng,V
.,ZE
,
Ha,PART
re,CSPERS
sebetseng,V
mmoho,ADV
ho,CN15
etsa,V
selemo,N07
sena,CD07
sa,CPOSS07
tshebetso,N09
se,CS07
atlehileng,V
bakeng,N07
sa,CPOSS07
naha,N09
ya,CPOSS09
rona,PROPOSSPERS
.,ZE
,